2026/09/21 22:43:51.408, 0, NVIDIA RTX PRO 6000 Blackwell Server Edition, P0, 0, 0, 0, 97887, 85.71, 34, 2310, 12481
2026/09/21 22:43:51.410, 1, NVIDIA RTX PRO 6000 Blackwell Server Edition, P0, 0, 0, 0, 97887, 85.11, 32, 2317, 12481
2026/09/21 22:43:51.413, 2, NVIDIA RTX PRO 6000 Blackwell Server Edition, P0, 0, 0, 0, 97887, 87.30, 32, 2340, 12481
2026/09/21 22:43:51.415, 3, NVIDIA RTX PRO 6000 Blackwell Server Edition, P0, 0, 0, 0, 97887, 76.58, 32, 540, 12481
2026/09/21 22:43:51.418, 4, NVIDIA RTX PRO 6000 Blackwell Server Edition, P0, 0, 0, 0, 97887, 46.84, 29, 180, 12481
2026/09/21 22:43:51.421, 5, NVIDIA RTX PRO 6000 Blackwell Server Edition, P0, 0, 0, 0, 97887, 48.02, 30, 180, 12481
2026/09/21 22:43:51.424, 6, NVIDIA RTX PRO 6000 Blackwell Server Edition, P0, 0, 0, 0, 97887, 46.63, 30, 180, 12481
2026/09/21 22:43:51.427, 7, NVIDIA RTX PRO 6000 Blackwell Server Edition, P0, 0, 0, 0, 97887, 47.26, 30, 180, 12481
2026/09/21 22:43:52.638, 0, NVIDIA RTX PRO 6000 Blackwell Server Edition, P0, 0, 0, 3, 97887, 75.94, 33, 1980, 12481
2026/09/21 22:43:52.639, 1, NVIDIA RTX PRO 6000 Blackwell Server Edition, P0, 0, 0, 3, 97887, 55.26, 31, 412, 12481
2026/09/21 22:43:52.641, 2, NVIDIA RTX PRO 6000 Blackwell Server Edition, P0, 0, 0, 3, 97887, 63.61, 31, 495, 12481
2026/09/21 22:43:52.644, 3, NVIDIA RTX PRO 6000 Blackwell Server Edition, P0, 0, 0, 3, 97887, 48.76, 32, 345, 12481
2026/09/21 22:43:52.646, 4, NVIDIA RTX PRO 6000 Blackwell Server Edition, P0, 0, 0, 3, 97887, 46.88, 29, 180, 12481
2026/09/21 22:43:52.648, 5, NVIDIA RTX PRO 6000 Blackwell Server Edition, P0, 0, 0, 3, 97887, 48.08, 30, 180, 12481
2026/09/21 22:43:52.650, 6, NVIDIA RTX PRO 6000 Blackwell Server Edition, P0, 0, 0, 3, 97887, 46.73, 30, 180, 12481
2026/09/21 22:43:52.653, 7, NVIDIA RTX PRO 6000 Blackwell Server Edition, P0, 0, 0, 3, 97887, 47.27, 30, 180, 12481
2026/09/21 22:43:53.719, 0, NVIDIA RTX PRO 6000 Blackwell Server Edition, P0, 0, 0, 757, 97887, 84.82, 34, 2310, 12481
2026/09/21 22:43:53.721, 1, NVIDIA RTX PRO 6000 Blackwell Server Edition, P0, 0, 0, 759, 97887, 82.63, 32, 2325, 12481
2026/09/21 22:43:53.724, 2, NVIDIA RTX PRO 6000 Blackwell Server Edition, P0, 5, 0, 759, 97887, 80.91, 32, 2340, 12481
2026/09/21 22:43:53.725, 3, NVIDIA RTX PRO 6000 Blackwell Server Edition, P0, 0, 0, 759, 97887, 76.95, 32, 2332, 12481
2026/09/21 22:43:53.727, 4, NVIDIA RTX PRO 6000 Blackwell Server Edition, P0, 0, 0, 759, 97887, 74.25, 30, 2392, 12481
2026/09/21 22:43:53.729, 5, NVIDIA RTX PRO 6000 Blackwell Server Edition, P0, 0, 0, 759, 97887, 72.66, 31, 2355, 12481
2026/09/21 22:43:53.730, 6, NVIDIA RTX PRO 6000 Blackwell Server Edition, P0, 0, 0, 759, 97887, 66.97, 31, 2340, 12481
2026/09/21 22:43:53.732, 7, NVIDIA RTX PRO 6000 Blackwell Server Edition, P0, 0, 0, 759, 97887, 64.49, 31, 2235, 12481
2026/09/21 22:43:54.793, 0, NVIDIA RTX PRO 6000 Blackwell Server Edition, P0, 35, 0, 1735, 97887, 88.52, 34, 2310, 12481
2026/09/21 22:43:54.797, 1, NVIDIA RTX PRO 6000 Blackwell Server Edition, P0, 16, 0, 1735, 97887, 88.06, 32, 2325, 12481
2026/09/21 22:43:54.798, 2, NVIDIA RTX PRO 6000 Blackwell Server Edition, P0, 33, 0, 1735, 97887, 89.83, 32, 2340, 12481
2026/09/21 22:43:54.800, 3, NVIDIA RTX PRO 6000 Blackwell Server Edition, P0, 16, 0, 1735, 97887, 88.81, 33, 2332, 12481
2026/09/21 22:43:54.801, 4, NVIDIA RTX PRO 6000 Blackwell Server Edition, P0, 31, 0, 1735, 97887, 88.22, 31, 2392, 12481
2026/09/21 22:43:54.803, 5, NVIDIA RTX PRO 6000 Blackwell Server Edition, P0, 31, 0, 1735, 97887, 90.18, 31, 2355, 12481
2026/09/21 22:43:54.804, 6, NVIDIA RTX PRO 6000 Blackwell Server Edition, P0, 5, 0, 1735, 97887, 88.45, 31, 2332, 12481
2026/09/21 22:43:54.806, 7, NVIDIA RTX PRO 6000 Blackwell Server Edition, P0, 30, 0, 1735, 97887, 88.54, 31, 2302, 12481
2026/09/21 22:43:55.874, 0, NVIDIA RTX PRO 6000 Blackwell Server Edition, P0, 0, 0, 1735, 97887, 89.39, 34, 2310, 12481
2026/09/21 22:43:55.878, 1, NVIDIA RTX PRO 6000 Blackwell Server Edition, P0, 54, 0, 1735, 97887, 89.01, 32, 2325, 12481
2026/09/21 22:43:55.880, 2, NVIDIA RTX PRO 6000 Blackwell Server Edition, P0, 20, 0, 1735, 97887, 91.00, 32, 2340, 12481
2026/09/21 22:43:55.882, 3, NVIDIA RTX PRO 6000 Blackwell Server Edition, P0, 47, 0, 1735, 97887, 90.26, 33, 2332, 12481
2026/09/21 22:43:55.884, 4, NVIDIA RTX PRO 6000 Blackwell Server Edition, P0, 36, 0, 1735, 97887, 89.20, 31, 2392, 12481
2026/09/21 22:43:55.892, 5, NVIDIA RTX PRO 6000 Blackwell Server Edition, P0, 55, 0, 1735, 97887, 91.27, 31, 2355, 12481
2026/09/21 22:43:55.902, 6, NVIDIA RTX PRO 6000 Blackwell Server Edition, P0, 63, 0, 1735, 97887, 89.73, 32, 2340, 12481
2026/09/21 22:43:55.904, 7, NVIDIA RTX PRO 6000 Blackwell Server Edition, P0, 0, 0, 1735, 97887, 89.88, 31, 2302, 12481
2026/09/21 22:43:56.970, 0, NVIDIA RTX PRO 6000 Blackwell Server Edition, P0, 98, 0, 1735, 97887, 92.56, 34, 2310, 12481
2026/09/21 22:43:56.973, 1, NVIDIA RTX PRO 6000 Blackwell Server Edition, P0, 18, 0, 1735, 97887, 92.09, 32, 2325, 12481
2026/09/21 22:43:56.975, 2, NVIDIA RTX PRO 6000 Blackwell Server Edition, P0, 29, 0, 1735, 97887, 94.48, 32, 2340, 12481
2026/09/21 22:43:56.977, 3, NVIDIA RTX PRO 6000 Blackwell Server Edition, P0, 31, 0, 1735, 97887, 94.10, 33, 2332, 12481
2026/09/21 22:43:56.979, 4, NVIDIA RTX PRO 6000 Blackwell Server Edition, P0, 16, 0, 1735, 97887, 92.64, 31, 2392, 12481
2026/09/21 22:43:56.981, 5, NVIDIA RTX PRO 6000 Blackwell Server Edition, P0, 54, 0, 1735, 97887, 94.93, 32, 2355, 12481
2026/09/21 22:43:56.983, 6, NVIDIA RTX PRO 6000 Blackwell Server Edition, P0, 29, 0, 1735, 97887, 93.66, 32, 2340, 12481
2026/09/21 22:43:56.985, 7, NVIDIA RTX PRO 6000 Blackwell Server Edition, P0, 46, 0, 1735, 97887, 93.79, 32, 2302, 12481
2026/09/21 22:43:58.051, 0, NVIDIA RTX PRO 6000 Blackwell Server Edition, P0, 100, 0, 1735, 97887, 96.54, 35, 2310, 12481
2026/09/21 22:43:58.053, 1, NVIDIA RTX PRO 6000 Blackwell Server Edition, P0, 100, 1, 1735, 97887, 96.98, 32, 2325, 12481
2026/09/21 22:43:58.055, 2, NVIDIA RTX PRO 6000 Blackwell Server Edition, P0, 100, 0, 1735, 97887, 98.13, 32, 2340, 12481
2026/09/21 22:43:58.061, 3, NVIDIA RTX PRO 6000 Blackwell Server Edition, P0, 63, 0, 1735, 97887, 97.41, 33, 2332, 12481
2026/09/21 22:43:58.072, 4, NVIDIA RTX PRO 6000 Blackwell Server Edition, P0, 100, 0, 1735, 97887, 96.97, 31, 2392, 12481
2026/09/21 22:43:58.074, 5, NVIDIA RTX PRO 6000 Blackwell Server Edition, P0, 95, 1, 1735, 97887, 99.72, 32, 2355, 12481
2026/09/21 22:43:58.076, 6, NVIDIA RTX PRO 6000 Blackwell Server Edition, P0, 79, 0, 1735, 97887, 96.50, 32, 2340, 12481
2026/09/21 22:43:58.078, 7, NVIDIA RTX PRO 6000 Blackwell Server Edition, P0, 100, 1, 1735, 97887, 96.97, 32, 2302, 12481
2026/09/21 22:43:59.145, 0, NVIDIA RTX PRO 6000 Blackwell Server Edition, P0, 1, 0, 1735, 97887, 97.77, 35, 2310, 12481
2026/09/21 22:43:59.148, 1, NVIDIA RTX PRO 6000 Blackwell Server Edition, P0, 99, 0, 1735, 97887, 97.75, 32, 2317, 12481
2026/09/21 22:43:59.150, 2, NVIDIA RTX PRO 6000 Blackwell Server Edition, P0, 18, 0, 1735, 97887, 98.84, 33, 2340, 12481
2026/09/21 22:43:59.152, 3, NVIDIA RTX PRO 6000 Blackwell Server Edition, P0, 83, 0, 1735, 97887, 98.90, 33, 2332, 12481
2026/09/21 22:43:59.154, 4, NVIDIA RTX PRO 6000 Blackwell Server Edition, P0, 98, 0, 1735, 97887, 98.32, 32, 2392, 12481
2026/09/21 22:43:59.156, 5, NVIDIA RTX PRO 6000 Blackwell Server Edition, P0, 55, 0, 1735, 97887, 100.98, 32, 2355, 12481
2026/09/21 22:43:59.157, 6, NVIDIA RTX PRO 6000 Blackwell Server Edition, P0, 72, 0, 1735, 97887, 98.11, 32, 2340, 12481
2026/09/21 22:43:59.159, 7, NVIDIA RTX PRO 6000 Blackwell Server Edition, P0, 0, 0, 1735, 97887, 98.52, 32, 2302, 12481
2026/09/21 22:44:00.226, 0, NVIDIA RTX PRO 6000 Blackwell Server Edition, P0, 100, 0, 1735, 97887, 98.61, 35, 2310, 12481
2026/09/21 22:44:00.229, 1, NVIDIA RTX PRO 6000 Blackwell Server Edition, P0, 100, 0, 1735, 97887, 99.00, 32, 2325, 12481
2026/09/21 22:44:00.232, 2, NVIDIA RTX PRO 6000 Blackwell Server Edition, P0, 100, 0, 1735, 97887, 100.09, 33, 2340, 12481
2026/09/21 22:44:00.233, 3, NVIDIA RTX PRO 6000 Blackwell Server Edition, P0, 100, 0, 1735, 97887, 100.34, 33, 2332, 12481
2026/09/21 22:44:00.236, 4, NVIDIA RTX PRO 6000 Blackwell Server Edition, P0, 100, 0, 1735, 97887, 99.12, 32, 2392, 12481
2026/09/21 22:44:00.238, 5, NVIDIA RTX PRO 6000 Blackwell Server Edition, P0, 100, 1, 1735, 97887, 101.94, 32, 2355, 12481
2026/09/21 22:44:00.240, 6, NVIDIA RTX PRO 6000 Blackwell Server Edition, P0, 100, 0, 1735, 97887, 99.68, 32, 2340, 12481
2026/09/21 22:44:00.241, 7, NVIDIA RTX PRO 6000 Blackwell Server Edition, P0, 100, 1, 1735, 97887, 100.28, 32, 2302, 12481
2026/09/21 22:44:01.308, 0, NVIDIA RTX PRO 6000 Blackwell Server Edition, P0, 62, 0, 1735, 97887, 98.79, 34, 2310, 12481
2026/09/21 22:44:01.312, 1, NVIDIA RTX PRO 6000 Blackwell Server Edition, P0, 26, 0, 1735, 97887, 98.84, 32, 2325, 12481
2026/09/21 22:44:01.314, 2, NVIDIA RTX PRO 6000 Blackwell Server Edition, P0, 59, 0, 1735, 97887, 100.33, 33, 2340, 12481
2026/09/21 22:44:01.316, 3, NVIDIA RTX PRO 6000 Blackwell Server Edition, P0, 20, 0, 1735, 97887, 100.32, 33, 2332, 12481
2026/09/21 22:44:01.318, 4, NVIDIA RTX PRO 6000 Blackwell Server Edition, P0, 40, 0, 1735, 97887, 99.09, 32, 2392, 12481
2026/09/21 22:44:01.320, 5, NVIDIA RTX PRO 6000 Blackwell Server Edition, P0, 16, 0, 1735, 97887, 101.98, 32, 2355, 12481
2026/09/21 22:44:01.322, 6, NVIDIA RTX PRO 6000 Blackwell Server Edition, P0, 16, 0, 1735, 97887, 99.92, 32, 2340, 12481
2026/09/21 22:44:01.324, 7, NVIDIA RTX PRO 6000 Blackwell Server Edition, P0, 56, 1, 1735, 97887, 100.18, 32, 2302, 12481
2026/09/21 22:44:02.390, 0, NVIDIA RTX PRO 6000 Blackwell Server Edition, P0, 100, 0, 1735, 97887, 100.21, 35, 2310, 12481
2026/09/21 22:44:02.393, 1, NVIDIA RTX PRO 6000 Blackwell Server Edition, P0, 100, 1, 1735, 97887, 101.27, 33, 2325, 12481
2026/09/21 22:44:02.395, 2, NVIDIA RTX PRO 6000 Blackwell Server Edition, P0, 100, 0, 1735, 97887, 102.08, 33, 2340, 12481
2026/09/21 22:44:02.397, 3, NVIDIA RTX PRO 6000 Blackwell Server Edition, P0, 100, 1, 1735, 97887, 102.66, 34, 2332, 12481
2026/09/21 22:44:02.399, 4, NVIDIA RTX PRO 6000 Blackwell Server Edition, P0, 100, 0, 1735, 97887, 101.27, 32, 2392, 12481
2026/09/21 22:44:02.401, 5, NVIDIA RTX PRO 6000 Blackwell Server Edition, P0, 100, 1, 1735, 97887, 104.31, 33, 2355, 12481
2026/09/21 22:44:02.403, 6, NVIDIA RTX PRO 6000 Blackwell Server Edition, P0, 100, 0, 1735, 97887, 101.77, 33, 2340, 12481
2026/09/21 22:44:02.405, 7, NVIDIA RTX PRO 6000 Blackwell Server Edition, P0, 100, 1, 1735, 97887, 102.53, 32, 2302, 12481
2026/09/21 22:44:03.472, 0, NVIDIA RTX PRO 6000 Blackwell Server Edition, P0, 100, 0, 1735, 97887, 98.71, 35, 2310, 12481
2026/09/21 22:44:03.475, 1, NVIDIA RTX PRO 6000 Blackwell Server Edition, P0, 100, 0, 1735, 97887, 99.51, 33, 2325, 12481
2026/09/21 22:44:03.477, 2, NVIDIA RTX PRO 6000 Blackwell Server Edition, P0, 100, 0, 1735, 97887, 100.41, 33, 2340, 12481
2026/09/21 22:44:03.479, 3, NVIDIA RTX PRO 6000 Blackwell Server Edition, P0, 100, 0, 1735, 97887, 100.69, 34, 2332, 12481
2026/09/21 22:44:03.481, 4, NVIDIA RTX PRO 6000 Blackwell Server Edition, P0, 100, 0, 1735, 97887, 99.65, 32, 2392, 12481
2026/09/21 22:44:03.483, 5, NVIDIA RTX PRO 6000 Blackwell Server Edition, P0, 100, 1, 1735, 97887, 102.07, 33, 2355, 12481
2026/09/21 22:44:03.485, 6, NVIDIA RTX PRO 6000 Blackwell Server Edition, P0, 100, 0, 1735, 97887, 99.78, 33, 2340, 12481
2026/09/21 22:44:03.487, 7, NVIDIA RTX PRO 6000 Blackwell Server Edition, P0, 100, 1, 1735, 97887, 100.35, 32, 2302, 12481
2026/09/21 22:44:04.553, 0, NVIDIA RTX PRO 6000 Blackwell Server Edition, P0, 100, 0, 1735, 97887, 100.38, 35, 2310, 12481
2026/09/21 22:44:04.556, 1, NVIDIA RTX PRO 6000 Blackwell Server Edition, P0, 100, 0, 1735, 97887, 101.27, 33, 2325, 12481
2026/09/21 22:44:04.558, 2, NVIDIA RTX PRO 6000 Blackwell Server Edition, P0, 100, 0, 1735, 97887, 102.40, 33, 2340, 12481
2026/09/21 22:44:04.560, 3, NVIDIA RTX PRO 6000 Blackwell Server Edition, P0, 100, 0, 1735, 97887, 102.62, 34, 2332, 12481
2026/09/21 22:44:04.562, 4, NVIDIA RTX PRO 6000 Blackwell Server Edition, P0, 100, 0, 1735, 97887, 101.47, 32, 2392, 12481
2026/09/21 22:44:04.564, 5, NVIDIA RTX PRO 6000 Blackwell Server Edition, P0, 100, 1, 1735, 97887, 104.56, 33, 2355, 12481
2026/09/21 22:44:04.566, 6, NVIDIA RTX PRO 6000 Blackwell Server Edition, P0, 100, 0, 1735, 97887, 102.09, 33, 2340, 12481
2026/09/21 22:44:04.568, 7, NVIDIA RTX PRO 6000 Blackwell Server Edition, P0, 100, 1, 1735, 97887, 102.78, 32, 2302, 12481
2026/09/21 22:44:05.634, 0, NVIDIA RTX PRO 6000 Blackwell Server Edition, P0, 4, 1, 1735, 97887, 99.03, 35, 2310, 12481
2026/09/21 22:44:05.637, 1, NVIDIA RTX PRO 6000 Blackwell Server Edition, P0, 38, 0, 1735, 97887, 99.20, 33, 2325, 12481
2026/09/21 22:44:05.639, 2, NVIDIA RTX PRO 6000 Blackwell Server Edition, P0, 17, 0, 1735, 97887, 100.84, 33, 2340, 12481
2026/09/21 22:44:05.641, 3, NVIDIA RTX PRO 6000 Blackwell Server Edition, P0, 50, 0, 1735, 97887, 100.75, 34, 2332, 12481
2026/09/21 22:44:05.643, 4, NVIDIA RTX PRO 6000 Blackwell Server Edition, P0, 21, 0, 1735, 97887, 99.50, 32, 2392, 12481
2026/09/21 22:44:05.647, 5, NVIDIA RTX PRO 6000 Blackwell Server Edition, P0, 52, 1, 1735, 97887, 102.61, 33, 2355, 12481
2026/09/21 22:44:05.650, 6, NVIDIA RTX PRO 6000 Blackwell Server Edition, P0, 66, 0, 1735, 97887, 100.38, 33, 2340, 12481
2026/09/21 22:44:05.651, 7, NVIDIA RTX PRO 6000 Blackwell Server Edition, P0, 15, 0, 1735, 97887, 100.97, 32, 2302, 12481
2026/09/21 22:44:06.716, 0, NVIDIA RTX PRO 6000 Blackwell Server Edition, P0, 100, 0, 1735, 97887, 100.58, 35, 2310, 12481
2026/09/21 22:44:06.719, 1, NVIDIA RTX PRO 6000 Blackwell Server Edition, P0, 100, 1, 1735, 97887, 101.78, 33, 2325, 12481
2026/09/21 22:44:06.721, 2, NVIDIA RTX PRO 6000 Blackwell Server Edition, P0, 100, 0, 1735, 97887, 102.62, 33, 2340, 12481
2026/09/21 22:44:06.722, 3, NVIDIA RTX PRO 6000 Blackwell Server Edition, P0, 100, 0, 1735, 97887, 102.89, 34, 2332, 12481
2026/09/21 22:44:06.724, 4, NVIDIA RTX PRO 6000 Blackwell Server Edition, P0, 100, 0, 1735, 97887, 101.77, 32, 2392, 12481
2026/09/21 22:44:06.726, 5, NVIDIA RTX PRO 6000 Blackwell Server Edition, P0, 100, 1, 1735, 97887, 104.88, 33, 2355, 12481
2026/09/21 22:44:06.728, 6, NVIDIA RTX PRO 6000 Blackwell Server Edition, P0, 100, 0, 1735, 97887, 102.28, 33, 2340, 12481
2026/09/21 22:44:06.730, 7, NVIDIA RTX PRO 6000 Blackwell Server Edition, P0, 100, 1, 1735, 97887, 102.80, 33, 2302, 12481
2026/09/21 22:44:07.798, 0, NVIDIA RTX PRO 6000 Blackwell Server Edition, P0, 100, 0, 1735, 97887, 100.52, 35, 2310, 12481
2026/09/21 22:44:07.802, 1, NVIDIA RTX PRO 6000 Blackwell Server Edition, P0, 100, 1, 1735, 97887, 101.73, 33, 2325, 12481
2026/09/21 22:44:07.803, 2, NVIDIA RTX PRO 6000 Blackwell Server Edition, P0, 100, 0, 1735, 97887, 102.63, 33, 2340, 12481
2026/09/21 22:44:07.805, 3, NVIDIA RTX PRO 6000 Blackwell Server Edition, P0, 100, 0, 1735, 97887, 102.86, 34, 2332, 12481
2026/09/21 22:44:07.807, 4, NVIDIA RTX PRO 6000 Blackwell Server Edition, P0, 100, 0, 1735, 97887, 101.79, 33, 2392, 12481
2026/09/21 22:44:07.809, 5, NVIDIA RTX PRO 6000 Blackwell Server Edition, P0, 100, 1, 1735, 97887, 104.83, 33, 2355, 12481
2026/09/21 22:44:07.811, 6, NVIDIA RTX PRO 6000 Blackwell Server Edition, P0, 100, 0, 1735, 97887, 102.32, 33, 2340, 12481
2026/09/21 22:44:07.813, 7, NVIDIA RTX PRO 6000 Blackwell Server Edition, P0, 100, 1, 1735, 97887, 102.91, 33, 2302, 12481
2026/09/21 22:44:08.904, 0, NVIDIA RTX PRO 6000 Blackwell Server Edition, P0, 0, 0, 927, 97887, 91.82, 35, 2310, 12481
2026/09/21 22:44:08.908, 1, NVIDIA RTX PRO 6000 Blackwell Server Edition, P0, 0, 0, 927, 97887, 91.27, 33, 2325, 12481
2026/09/21 22:44:08.910, 2, NVIDIA RTX PRO 6000 Blackwell Server Edition, P0, 0, 0, 927, 97887, 92.92, 33, 2340, 12481
2026/09/21 22:44:08.913, 3, NVIDIA RTX PRO 6000 Blackwell Server Edition, P0, 0, 0, 927, 97887, 92.72, 34, 2332, 12481
2026/09/21 22:44:08.915, 4, NVIDIA RTX PRO 6000 Blackwell Server Edition, P0, 0, 0, 927, 97887, 91.19, 32, 2392, 12481
2026/09/21 22:44:08.917, 5, NVIDIA RTX PRO 6000 Blackwell Server Edition, P0, 0, 0, 927, 97887, 93.24, 33, 2355, 12481
2026/09/21 22:44:08.920, 6, NVIDIA RTX PRO 6000 Blackwell Server Edition, P0, 0, 0, 927, 97887, 91.61, 33, 2340, 12481
2026/09/21 22:44:08.922, 7, NVIDIA RTX PRO 6000 Blackwell Server Edition, P0, 2, 0, 3, 97887, 92.99, 32, 2302, 12481
