2026/09/15 14:00:06.859, 0, NVIDIA RTX PRO 6000 Blackwell Server Edition, P0, 0, 0, 1, 97887, 90.88, 39, 2355, 12481
2026/09/15 14:00:06.867, 1, NVIDIA RTX PRO 6000 Blackwell Server Edition, P0, 0, 0, 1, 97887, 89.35, 39, 2317, 12481
2026/09/15 14:00:06.876, 2, NVIDIA RTX PRO 6000 Blackwell Server Edition, P0, 0, 0, 1, 97887, 94.33, 40, 2385, 12481
2026/09/15 14:00:06.882, 3, NVIDIA RTX PRO 6000 Blackwell Server Edition, P0, 0, 0, 1, 97887, 88.10, 39, 2332, 12481
2026/09/15 14:00:06.886, 4, NVIDIA RTX PRO 6000 Blackwell Server Edition, P0, 0, 0, 1, 97887, 91.17, 38, 2325, 12481
2026/09/15 14:00:06.892, 5, NVIDIA RTX PRO 6000 Blackwell Server Edition, P0, 0, 0, 1, 97887, 88.07, 38, 2272, 12481
2026/09/15 14:00:06.897, 6, NVIDIA RTX PRO 6000 Blackwell Server Edition, P0, 0, 0, 1, 97887, 87.98, 38, 2347, 12481
2026/09/15 14:00:06.903, 7, NVIDIA RTX PRO 6000 Blackwell Server Edition, P0, 0, 0, 1, 97887, 62.90, 37, 615, 12481
2026/09/15 14:00:08.055, 0, NVIDIA RTX PRO 6000 Blackwell Server Edition, P0, 0, 0, 563, 97887, 91.46, 39, 2355, 12481
2026/09/15 14:00:08.059, 1, NVIDIA RTX PRO 6000 Blackwell Server Edition, P0, 0, 0, 563, 97887, 90.57, 39, 2325, 12481
2026/09/15 14:00:08.062, 2, NVIDIA RTX PRO 6000 Blackwell Server Edition, P0, 0, 0, 563, 97887, 77.76, 39, 2385, 12481
2026/09/15 14:00:08.065, 3, NVIDIA RTX PRO 6000 Blackwell Server Edition, P0, 0, 0, 563, 97887, 77.28, 39, 1897, 12481
2026/09/15 14:00:08.068, 4, NVIDIA RTX PRO 6000 Blackwell Server Edition, P0, 2, 0, 563, 97887, 87.42, 38, 1462, 12481
2026/09/15 14:00:08.070, 5, NVIDIA RTX PRO 6000 Blackwell Server Edition, P0, 2, 0, 563, 97887, 88.25, 38, 2272, 12481
2026/09/15 14:00:08.073, 6, NVIDIA RTX PRO 6000 Blackwell Server Edition, P0, 0, 0, 563, 97887, 56.47, 38, 1222, 12481
2026/09/15 14:00:08.075, 7, NVIDIA RTX PRO 6000 Blackwell Server Edition, P0, 0, 0, 563, 97887, 51.76, 37, 397, 12481
2026/09/15 14:00:09.137, 0, NVIDIA RTX PRO 6000 Blackwell Server Edition, P0, 15, 0, 1663, 97887, 92.06, 39, 2355, 12481
2026/09/15 14:00:09.149, 1, NVIDIA RTX PRO 6000 Blackwell Server Edition, P0, 14, 0, 1683, 97887, 90.48, 39, 2317, 12481
2026/09/15 14:00:09.151, 2, NVIDIA RTX PRO 6000 Blackwell Server Edition, P0, 20, 0, 1683, 97887, 95.42, 39, 2385, 12481
2026/09/15 14:00:09.153, 3, NVIDIA RTX PRO 6000 Blackwell Server Edition, P0, 15, 0, 1679, 97887, 89.35, 39, 2332, 12481
2026/09/15 14:00:09.154, 4, NVIDIA RTX PRO 6000 Blackwell Server Edition, P0, 14, 0, 1663, 97887, 92.15, 38, 2325, 12481
2026/09/15 14:00:09.156, 5, NVIDIA RTX PRO 6000 Blackwell Server Edition, P0, 9, 0, 1683, 97887, 89.15, 38, 2265, 12481
2026/09/15 14:00:09.158, 6, NVIDIA RTX PRO 6000 Blackwell Server Edition, P0, 11, 0, 1683, 97887, 89.39, 38, 2347, 12481
2026/09/15 14:00:09.159, 7, NVIDIA RTX PRO 6000 Blackwell Server Edition, P0, 23, 0, 1679, 97887, 89.42, 38, 2317, 12481
2026/09/15 14:00:10.229, 0, NVIDIA RTX PRO 6000 Blackwell Server Edition, P0, 23, 0, 1663, 97887, 92.89, 39, 2355, 12481
2026/09/15 14:00:10.232, 1, NVIDIA RTX PRO 6000 Blackwell Server Edition, P0, 16, 0, 1683, 97887, 91.37, 39, 2317, 12481
2026/09/15 14:00:10.234, 2, NVIDIA RTX PRO 6000 Blackwell Server Edition, P0, 23, 0, 1683, 97887, 97.77, 40, 2385, 12481
2026/09/15 14:00:10.236, 3, NVIDIA RTX PRO 6000 Blackwell Server Edition, P0, 23, 0, 1679, 97887, 90.05, 39, 2332, 12481
2026/09/15 14:00:10.237, 4, NVIDIA RTX PRO 6000 Blackwell Server Edition, P0, 20, 0, 1663, 97887, 92.73, 38, 2325, 12481
2026/09/15 14:00:10.239, 5, NVIDIA RTX PRO 6000 Blackwell Server Edition, P0, 20, 0, 1683, 97887, 89.56, 38, 2272, 12481
2026/09/15 14:00:10.241, 6, NVIDIA RTX PRO 6000 Blackwell Server Edition, P0, 21, 0, 1683, 97887, 89.73, 38, 2347, 12481
2026/09/15 14:00:10.242, 7, NVIDIA RTX PRO 6000 Blackwell Server Edition, P0, 21, 0, 1679, 97887, 89.80, 38, 2317, 12481
2026/09/15 14:00:11.312, 0, NVIDIA RTX PRO 6000 Blackwell Server Edition, P0, 64, 1, 1663, 97887, 95.63, 39, 2355, 12481
2026/09/15 14:00:11.315, 1, NVIDIA RTX PRO 6000 Blackwell Server Edition, P0, 34, 1, 1683, 97887, 94.87, 39, 2317, 12481
2026/09/15 14:00:11.316, 2, NVIDIA RTX PRO 6000 Blackwell Server Edition, P0, 45, 2, 1683, 97887, 101.45, 40, 2385, 12481
2026/09/15 14:00:11.318, 3, NVIDIA RTX PRO 6000 Blackwell Server Edition, P0, 45, 2, 1679, 97887, 93.73, 39, 2332, 12481
2026/09/15 14:00:11.320, 4, NVIDIA RTX PRO 6000 Blackwell Server Edition, P0, 46, 1, 1663, 97887, 95.80, 38, 2325, 12481
2026/09/15 14:00:11.322, 5, NVIDIA RTX PRO 6000 Blackwell Server Edition, P0, 10, 0, 1683, 97887, 93.12, 38, 2272, 12481
2026/09/15 14:00:11.323, 6, NVIDIA RTX PRO 6000 Blackwell Server Edition, P0, 10, 0, 1683, 97887, 93.30, 38, 2347, 12481
2026/09/15 14:00:11.329, 7, NVIDIA RTX PRO 6000 Blackwell Server Edition, P0, 15, 0, 1679, 97887, 93.39, 38, 2317, 12481
2026/09/15 14:00:12.402, 0, NVIDIA RTX PRO 6000 Blackwell Server Edition, P0, 85, 2, 1663, 97887, 103.03, 39, 2355, 12481
2026/09/15 14:00:12.406, 1, NVIDIA RTX PRO 6000 Blackwell Server Edition, P0, 100, 4, 1683, 97887, 104.10, 39, 2317, 12481
2026/09/15 14:00:12.408, 2, NVIDIA RTX PRO 6000 Blackwell Server Edition, P0, 85, 4, 1683, 97887, 109.43, 40, 2385, 12481
2026/09/15 14:00:12.410, 3, NVIDIA RTX PRO 6000 Blackwell Server Edition, P0, 67, 3, 1679, 97887, 103.72, 39, 2332, 12481
2026/09/15 14:00:12.412, 4, NVIDIA RTX PRO 6000 Blackwell Server Edition, P0, 62, 2, 1663, 97887, 103.42, 39, 2325, 12481
2026/09/15 14:00:12.414, 5, NVIDIA RTX PRO 6000 Blackwell Server Edition, P0, 10, 1, 1683, 97887, 102.17, 38, 2265, 12481
2026/09/15 14:00:12.417, 6, NVIDIA RTX PRO 6000 Blackwell Server Edition, P0, 86, 3, 1683, 97887, 102.65, 39, 2347, 12481
2026/09/15 14:00:12.419, 7, NVIDIA RTX PRO 6000 Blackwell Server Edition, P0, 8, 0, 1679, 97887, 103.10, 38, 2317, 12481
2026/09/15 14:00:13.488, 0, NVIDIA RTX PRO 6000 Blackwell Server Edition, P0, 100, 2, 1663, 97887, 110.50, 39, 2355, 12481
2026/09/15 14:00:13.492, 1, NVIDIA RTX PRO 6000 Blackwell Server Edition, P0, 87, 4, 1683, 97887, 113.43, 40, 2317, 12481
2026/09/15 14:00:13.494, 2, NVIDIA RTX PRO 6000 Blackwell Server Edition, P0, 31, 1, 1683, 97887, 119.10, 40, 2385, 12481
2026/09/15 14:00:13.496, 3, NVIDIA RTX PRO 6000 Blackwell Server Edition, P0, 18, 0, 1679, 97887, 112.00, 39, 2332, 12481
2026/09/15 14:00:13.498, 4, NVIDIA RTX PRO 6000 Blackwell Server Edition, P0, 16, 0, 1663, 97887, 110.67, 39, 2325, 12481
2026/09/15 14:00:13.500, 5, NVIDIA RTX PRO 6000 Blackwell Server Edition, P0, 20, 1, 1683, 97887, 111.63, 38, 2272, 12481
2026/09/15 14:00:13.503, 6, NVIDIA RTX PRO 6000 Blackwell Server Edition, P0, 12, 0, 1683, 97887, 111.58, 39, 2347, 12481
2026/09/15 14:00:13.505, 7, NVIDIA RTX PRO 6000 Blackwell Server Edition, P0, 70, 3, 1679, 97887, 111.69, 39, 2317, 12481
2026/09/15 14:00:14.573, 0, NVIDIA RTX PRO 6000 Blackwell Server Edition, P0, 0, 0, 875, 97887, 98.17, 39, 2355, 12481
2026/09/15 14:00:14.575, 1, NVIDIA RTX PRO 6000 Blackwell Server Edition, P0, 0, 0, 875, 97887, 97.70, 39, 2317, 12481
2026/09/15 14:00:14.577, 2, NVIDIA RTX PRO 6000 Blackwell Server Edition, P0, 0, 0, 875, 97887, 102.32, 40, 2385, 12481
2026/09/15 14:00:14.579, 3, NVIDIA RTX PRO 6000 Blackwell Server Edition, P0, 0, 0, 875, 97887, 95.46, 39, 2332, 12481
2026/09/15 14:00:14.580, 4, NVIDIA RTX PRO 6000 Blackwell Server Edition, P0, 0, 0, 875, 97887, 97.07, 38, 2325, 12481
2026/09/15 14:00:14.582, 5, NVIDIA RTX PRO 6000 Blackwell Server Edition, P0, 0, 0, 875, 97887, 94.99, 38, 2272, 12481
2026/09/15 14:00:14.584, 6, NVIDIA RTX PRO 6000 Blackwell Server Edition, P0, 0, 0, 875, 97887, 95.16, 38, 2347, 12481
2026/09/15 14:00:14.585, 7, NVIDIA RTX PRO 6000 Blackwell Server Edition, P0, 0, 0, 3, 97887, 94.87, 38, 2317, 12481
2026/09/15 14:00:15.648, 0, NVIDIA RTX PRO 6000 Blackwell Server Edition, P0, 0, 0, 0, 97887, 91.59, 39, 2355, 12481
2026/09/15 14:00:15.650, 1, NVIDIA RTX PRO 6000 Blackwell Server Edition, P0, 0, 0, 0, 97887, 90.13, 39, 2317, 12481
2026/09/15 14:00:15.651, 2, NVIDIA RTX PRO 6000 Blackwell Server Edition, P0, 0, 0, 0, 97887, 95.13, 40, 2392, 12481
2026/09/15 14:00:15.652, 3, NVIDIA RTX PRO 6000 Blackwell Server Edition, P0, 0, 0, 0, 97887, 88.64, 39, 2332, 12481
2026/09/15 14:00:15.654, 4, NVIDIA RTX PRO 6000 Blackwell Server Edition, P0, 0, 0, 0, 97887, 91.69, 38, 2317, 12481
2026/09/15 14:00:15.655, 5, NVIDIA RTX PRO 6000 Blackwell Server Edition, P0, 0, 0, 0, 97887, 88.73, 38, 2272, 12481
2026/09/15 14:00:15.656, 6, NVIDIA RTX PRO 6000 Blackwell Server Edition, P0, 0, 0, 0, 97887, 88.71, 38, 2347, 12481
2026/09/15 14:00:15.658, 7, NVIDIA RTX PRO 6000 Blackwell Server Edition, P0, 0, 0, 0, 97887, 88.16, 38, 2317, 12481
