2026/09/21 21:25:19.158, 0, NVIDIA RTX PRO 6000 Blackwell Server Edition, P0, 0, 0, 0, 97887, 48.19, 32, 180, 12481
2026/09/21 21:25:19.170, 1, NVIDIA RTX PRO 6000 Blackwell Server Edition, P0, 0, 0, 0, 97887, 47.52, 31, 180, 12481
2026/09/21 21:25:19.179, 2, NVIDIA RTX PRO 6000 Blackwell Server Edition, P0, 0, 0, 0, 97887, 47.06, 32, 172, 12481
2026/09/21 21:25:19.190, 3, NVIDIA RTX PRO 6000 Blackwell Server Edition, P0, 0, 0, 0, 97887, 50.13, 32, 180, 12481
2026/09/21 21:25:19.197, 4, NVIDIA RTX PRO 6000 Blackwell Server Edition, P0, 0, 0, 0, 97887, 48.96, 34, 180, 12481
2026/09/21 21:25:19.205, 5, NVIDIA RTX PRO 6000 Blackwell Server Edition, P0, 0, 0, 0, 97887, 48.58, 34, 180, 12481
2026/09/21 21:25:19.219, 6, NVIDIA RTX PRO 6000 Blackwell Server Edition, P0, 0, 0, 0, 97887, 48.66, 33, 180, 12481
2026/09/21 21:25:19.229, 7, NVIDIA RTX PRO 6000 Blackwell Server Edition, P0, 0, 0, 0, 97887, 48.54, 33, 180, 12481
2026/09/21 21:25:20.330, 0, NVIDIA RTX PRO 6000 Blackwell Server Edition, P0, 0, 0, 3, 97887, 48.25, 32, 180, 12481
2026/09/21 21:25:20.333, 1, NVIDIA RTX PRO 6000 Blackwell Server Edition, P0, 0, 0, 3, 97887, 47.59, 31, 180, 12481
2026/09/21 21:25:20.336, 2, NVIDIA RTX PRO 6000 Blackwell Server Edition, P0, 0, 0, 3, 97887, 47.10, 32, 180, 12481
2026/09/21 21:25:20.338, 3, NVIDIA RTX PRO 6000 Blackwell Server Edition, P0, 0, 0, 3, 97887, 50.22, 32, 180, 12481
2026/09/21 21:25:20.341, 4, NVIDIA RTX PRO 6000 Blackwell Server Edition, P0, 0, 0, 3, 97887, 49.05, 34, 180, 12481
2026/09/21 21:25:20.343, 5, NVIDIA RTX PRO 6000 Blackwell Server Edition, P0, 0, 0, 3, 97887, 48.64, 34, 180, 12481
2026/09/21 21:25:20.345, 6, NVIDIA RTX PRO 6000 Blackwell Server Edition, P0, 0, 0, 1, 97887, 48.66, 33, 180, 12481
2026/09/21 21:25:20.347, 7, NVIDIA RTX PRO 6000 Blackwell Server Edition, P0, 0, 0, 1, 97887, 48.55, 33, 180, 12481
2026/09/21 21:25:21.522, 0, NVIDIA RTX PRO 6000 Blackwell Server Edition, P0, 0, 0, 653, 97887, 80.86, 33, 2340, 12481
2026/09/21 21:25:21.524, 1, NVIDIA RTX PRO 6000 Blackwell Server Edition, P0, 1, 0, 653, 97887, 72.90, 32, 2302, 12481
2026/09/21 21:25:21.526, 2, NVIDIA RTX PRO 6000 Blackwell Server Edition, P0, 0, 0, 653, 97887, 71.62, 33, 2340, 12481
2026/09/21 21:25:21.527, 3, NVIDIA RTX PRO 6000 Blackwell Server Edition, P0, 1, 0, 653, 97887, 68.82, 33, 2107, 12481
2026/09/21 21:25:21.529, 4, NVIDIA RTX PRO 6000 Blackwell Server Edition, P0, 0, 0, 653, 97887, 67.82, 35, 2355, 12481
2026/09/21 21:25:21.530, 5, NVIDIA RTX PRO 6000 Blackwell Server Edition, P0, 1, 0, 653, 97887, 61.87, 35, 1905, 12481
2026/09/21 21:25:21.532, 6, NVIDIA RTX PRO 6000 Blackwell Server Edition, P0, 1, 0, 653, 97887, 59.16, 34, 1080, 12481
2026/09/21 21:25:21.533, 7, NVIDIA RTX PRO 6000 Blackwell Server Edition, P0, 3, 0, 653, 97887, 57.28, 34, 352, 12481
2026/09/21 21:25:22.598, 0, NVIDIA RTX PRO 6000 Blackwell Server Edition, P0, 100, 4, 1165, 97887, 107.87, 33, 2347, 12481
2026/09/21 21:25:22.600, 1, NVIDIA RTX PRO 6000 Blackwell Server Edition, P0, 0, 0, 653, 97887, 86.95, 32, 2302, 12481
2026/09/21 21:25:22.601, 2, NVIDIA RTX PRO 6000 Blackwell Server Edition, P0, 0, 0, 653, 97887, 85.91, 34, 2340, 12481
2026/09/21 21:25:22.603, 3, NVIDIA RTX PRO 6000 Blackwell Server Edition, P0, 0, 0, 653, 97887, 89.29, 33, 2332, 12481
2026/09/21 21:25:22.604, 4, NVIDIA RTX PRO 6000 Blackwell Server Edition, P0, 0, 0, 653, 97887, 88.00, 35, 2355, 12481
2026/09/21 21:25:22.605, 5, NVIDIA RTX PRO 6000 Blackwell Server Edition, P0, 0, 0, 653, 97887, 87.86, 35, 2332, 12481
2026/09/21 21:25:22.607, 6, NVIDIA RTX PRO 6000 Blackwell Server Edition, P0, 0, 0, 653, 97887, 87.01, 34, 2317, 12481
2026/09/21 21:25:22.608, 7, NVIDIA RTX PRO 6000 Blackwell Server Edition, P0, 0, 0, 653, 97887, 88.35, 34, 2332, 12481
2026/09/21 21:25:23.670, 0, NVIDIA RTX PRO 6000 Blackwell Server Edition, P0, 100, 4, 653, 97887, 108.49, 34, 2347, 12481
2026/09/21 21:25:23.673, 1, NVIDIA RTX PRO 6000 Blackwell Server Edition, P0, 0, 0, 653, 97887, 86.92, 33, 2302, 12481
2026/09/21 21:25:23.675, 2, NVIDIA RTX PRO 6000 Blackwell Server Edition, P0, 0, 0, 653, 97887, 85.92, 34, 2340, 12481
2026/09/21 21:25:23.676, 3, NVIDIA RTX PRO 6000 Blackwell Server Edition, P0, 0, 0, 653, 97887, 89.79, 33, 2340, 12481
2026/09/21 21:25:23.678, 4, NVIDIA RTX PRO 6000 Blackwell Server Edition, P0, 0, 0, 653, 97887, 87.91, 35, 2347, 12481
2026/09/21 21:25:23.679, 5, NVIDIA RTX PRO 6000 Blackwell Server Edition, P0, 0, 0, 653, 97887, 87.89, 35, 2325, 12481
2026/09/21 21:25:23.681, 6, NVIDIA RTX PRO 6000 Blackwell Server Edition, P0, 0, 0, 653, 97887, 87.09, 34, 2317, 12481
2026/09/21 21:25:23.682, 7, NVIDIA RTX PRO 6000 Blackwell Server Edition, P0, 0, 0, 653, 97887, 88.43, 34, 2332, 12481
2026/09/21 21:25:24.745, 0, NVIDIA RTX PRO 6000 Blackwell Server Edition, P0, 0, 0, 653, 97887, 88.50, 33, 2347, 12481
2026/09/21 21:25:24.747, 1, NVIDIA RTX PRO 6000 Blackwell Server Edition, P0, 100, 4, 1165, 97887, 105.23, 33, 2302, 12481
2026/09/21 21:25:24.749, 2, NVIDIA RTX PRO 6000 Blackwell Server Edition, P0, 0, 0, 653, 97887, 85.95, 34, 2340, 12481
2026/09/21 21:25:24.750, 3, NVIDIA RTX PRO 6000 Blackwell Server Edition, P0, 0, 0, 653, 97887, 90.05, 33, 2340, 12481
2026/09/21 21:25:24.752, 4, NVIDIA RTX PRO 6000 Blackwell Server Edition, P0, 0, 0, 653, 97887, 88.06, 35, 2347, 12481
2026/09/21 21:25:24.753, 5, NVIDIA RTX PRO 6000 Blackwell Server Edition, P0, 0, 0, 653, 97887, 87.93, 35, 2325, 12481
2026/09/21 21:25:24.754, 6, NVIDIA RTX PRO 6000 Blackwell Server Edition, P0, 0, 0, 653, 97887, 87.14, 35, 2317, 12481
2026/09/21 21:25:24.756, 7, NVIDIA RTX PRO 6000 Blackwell Server Edition, P0, 0, 0, 653, 97887, 88.39, 34, 2332, 12481
2026/09/21 21:25:25.818, 0, NVIDIA RTX PRO 6000 Blackwell Server Edition, P0, 0, 0, 653, 97887, 88.15, 34, 2347, 12481
2026/09/21 21:25:25.820, 1, NVIDIA RTX PRO 6000 Blackwell Server Edition, P0, 100, 4, 1165, 97887, 107.20, 33, 2302, 12481
2026/09/21 21:25:25.822, 2, NVIDIA RTX PRO 6000 Blackwell Server Edition, P0, 0, 0, 653, 97887, 86.03, 34, 2340, 12481
2026/09/21 21:25:25.824, 3, NVIDIA RTX PRO 6000 Blackwell Server Edition, P0, 0, 0, 653, 97887, 90.02, 34, 2340, 12481
2026/09/21 21:25:25.825, 4, NVIDIA RTX PRO 6000 Blackwell Server Edition, P0, 0, 0, 653, 97887, 88.05, 36, 2347, 12481
2026/09/21 21:25:25.826, 5, NVIDIA RTX PRO 6000 Blackwell Server Edition, P0, 0, 0, 653, 97887, 88.01, 35, 2325, 12481
2026/09/21 21:25:25.828, 6, NVIDIA RTX PRO 6000 Blackwell Server Edition, P0, 0, 0, 653, 97887, 87.10, 35, 2317, 12481
2026/09/21 21:25:25.829, 7, NVIDIA RTX PRO 6000 Blackwell Server Edition, P0, 0, 0, 653, 97887, 88.45, 35, 2332, 12481
2026/09/21 21:25:26.892, 0, NVIDIA RTX PRO 6000 Blackwell Server Edition, P0, 0, 0, 653, 97887, 88.11, 34, 2347, 12481
2026/09/21 21:25:26.894, 1, NVIDIA RTX PRO 6000 Blackwell Server Edition, P0, 0, 0, 653, 97887, 88.98, 33, 2302, 12481
2026/09/21 21:25:26.896, 2, NVIDIA RTX PRO 6000 Blackwell Server Edition, P0, 92, 4, 1165, 97887, 101.54, 34, 2340, 12481
2026/09/21 21:25:26.898, 3, NVIDIA RTX PRO 6000 Blackwell Server Edition, P0, 0, 0, 653, 97887, 89.97, 34, 2340, 12481
2026/09/21 21:25:26.899, 4, NVIDIA RTX PRO 6000 Blackwell Server Edition, P0, 0, 0, 653, 97887, 88.16, 36, 2347, 12481
2026/09/21 21:25:26.900, 5, NVIDIA RTX PRO 6000 Blackwell Server Edition, P0, 0, 0, 653, 97887, 87.99, 35, 2325, 12481
2026/09/21 21:25:26.902, 6, NVIDIA RTX PRO 6000 Blackwell Server Edition, P0, 0, 0, 653, 97887, 87.17, 35, 2317, 12481
2026/09/21 21:25:26.903, 7, NVIDIA RTX PRO 6000 Blackwell Server Edition, P0, 0, 0, 653, 97887, 88.54, 35, 2332, 12481
2026/09/21 21:25:27.965, 0, NVIDIA RTX PRO 6000 Blackwell Server Edition, P0, 0, 0, 653, 97887, 88.15, 34, 2347, 12481
2026/09/21 21:25:27.967, 1, NVIDIA RTX PRO 6000 Blackwell Server Edition, P0, 0, 0, 653, 97887, 87.28, 33, 2302, 12481
2026/09/21 21:25:27.968, 2, NVIDIA RTX PRO 6000 Blackwell Server Edition, P0, 92, 4, 1165, 97887, 105.82, 35, 2340, 12481
2026/09/21 21:25:27.970, 3, NVIDIA RTX PRO 6000 Blackwell Server Edition, P0, 0, 0, 653, 97887, 89.94, 34, 2340, 12481
2026/09/21 21:25:27.971, 4, NVIDIA RTX PRO 6000 Blackwell Server Edition, P0, 0, 0, 653, 97887, 88.11, 36, 2347, 12481
2026/09/21 21:25:27.973, 5, NVIDIA RTX PRO 6000 Blackwell Server Edition, P0, 0, 0, 653, 97887, 88.05, 35, 2325, 12481
2026/09/21 21:25:27.974, 6, NVIDIA RTX PRO 6000 Blackwell Server Edition, P0, 0, 0, 653, 97887, 87.12, 35, 2317, 12481
2026/09/21 21:25:27.975, 7, NVIDIA RTX PRO 6000 Blackwell Server Edition, P0, 0, 0, 653, 97887, 88.53, 35, 2332, 12481
2026/09/21 21:25:29.038, 0, NVIDIA RTX PRO 6000 Blackwell Server Edition, P0, 0, 0, 653, 97887, 88.19, 34, 2347, 12481
2026/09/21 21:25:29.040, 1, NVIDIA RTX PRO 6000 Blackwell Server Edition, P0, 0, 0, 653, 97887, 87.28, 33, 2302, 12481
2026/09/21 21:25:29.042, 2, NVIDIA RTX PRO 6000 Blackwell Server Edition, P0, 0, 0, 653, 97887, 88.42, 34, 2340, 12481
2026/09/21 21:25:29.043, 3, NVIDIA RTX PRO 6000 Blackwell Server Edition, P0, 99, 4, 1165, 97887, 105.03, 34, 2340, 12481
2026/09/21 21:25:29.045, 4, NVIDIA RTX PRO 6000 Blackwell Server Edition, P0, 0, 0, 653, 97887, 88.27, 36, 2347, 12481
2026/09/21 21:25:29.047, 5, NVIDIA RTX PRO 6000 Blackwell Server Edition, P0, 0, 0, 653, 97887, 88.10, 35, 2325, 12481
2026/09/21 21:25:29.048, 6, NVIDIA RTX PRO 6000 Blackwell Server Edition, P0, 0, 0, 653, 97887, 87.28, 35, 2317, 12481
2026/09/21 21:25:29.050, 7, NVIDIA RTX PRO 6000 Blackwell Server Edition, P0, 0, 0, 653, 97887, 88.54, 35, 2332, 12481
2026/09/21 21:25:30.112, 0, NVIDIA RTX PRO 6000 Blackwell Server Edition, P0, 0, 0, 653, 97887, 88.16, 34, 2347, 12481
2026/09/21 21:25:30.115, 1, NVIDIA RTX PRO 6000 Blackwell Server Edition, P0, 0, 0, 653, 97887, 87.27, 33, 2302, 12481
2026/09/21 21:25:30.116, 2, NVIDIA RTX PRO 6000 Blackwell Server Edition, P0, 0, 0, 653, 97887, 86.20, 34, 2340, 12481
2026/09/21 21:25:30.118, 3, NVIDIA RTX PRO 6000 Blackwell Server Edition, P0, 92, 4, 1165, 97887, 110.20, 34, 2340, 12481
2026/09/21 21:25:30.119, 4, NVIDIA RTX PRO 6000 Blackwell Server Edition, P0, 0, 0, 653, 97887, 88.22, 36, 2347, 12481
2026/09/21 21:25:30.121, 5, NVIDIA RTX PRO 6000 Blackwell Server Edition, P0, 0, 0, 653, 97887, 88.04, 35, 2325, 12481
2026/09/21 21:25:30.122, 6, NVIDIA RTX PRO 6000 Blackwell Server Edition, P0, 0, 0, 653, 97887, 87.28, 35, 2317, 12481
2026/09/21 21:25:30.124, 7, NVIDIA RTX PRO 6000 Blackwell Server Edition, P0, 0, 0, 653, 97887, 88.58, 35, 2332, 12481
2026/09/21 21:25:31.186, 0, NVIDIA RTX PRO 6000 Blackwell Server Edition, P0, 0, 0, 653, 97887, 88.15, 34, 2347, 12481
2026/09/21 21:25:31.188, 1, NVIDIA RTX PRO 6000 Blackwell Server Edition, P0, 0, 0, 653, 97887, 87.31, 33, 2302, 12481
2026/09/21 21:25:31.189, 2, NVIDIA RTX PRO 6000 Blackwell Server Edition, P0, 0, 0, 653, 97887, 86.21, 34, 2340, 12481
2026/09/21 21:25:31.190, 3, NVIDIA RTX PRO 6000 Blackwell Server Edition, P0, 0, 0, 653, 97887, 94.43, 34, 2340, 12481
2026/09/21 21:25:31.192, 4, NVIDIA RTX PRO 6000 Blackwell Server Edition, P0, 92, 4, 1165, 97887, 100.74, 36, 2347, 12481
2026/09/21 21:25:31.194, 5, NVIDIA RTX PRO 6000 Blackwell Server Edition, P0, 0, 0, 653, 97887, 88.04, 36, 2325, 12481
2026/09/21 21:25:31.195, 6, NVIDIA RTX PRO 6000 Blackwell Server Edition, P0, 0, 0, 653, 97887, 87.29, 35, 2317, 12481
2026/09/21 21:25:31.197, 7, NVIDIA RTX PRO 6000 Blackwell Server Edition, P0, 0, 0, 653, 97887, 88.67, 35, 2332, 12481
2026/09/21 21:25:32.257, 0, NVIDIA RTX PRO 6000 Blackwell Server Edition, P0, 0, 0, 653, 97887, 88.31, 34, 2347, 12481
2026/09/21 21:25:32.259, 1, NVIDIA RTX PRO 6000 Blackwell Server Edition, P0, 0, 0, 653, 97887, 87.30, 33, 2302, 12481
2026/09/21 21:25:32.261, 2, NVIDIA RTX PRO 6000 Blackwell Server Edition, P0, 0, 0, 653, 97887, 86.26, 34, 2340, 12481
2026/09/21 21:25:32.262, 3, NVIDIA RTX PRO 6000 Blackwell Server Edition, P0, 0, 0, 653, 97887, 89.73, 34, 2340, 12481
2026/09/21 21:25:32.263, 4, NVIDIA RTX PRO 6000 Blackwell Server Edition, P0, 92, 4, 1165, 97887, 108.45, 37, 2347, 12481
2026/09/21 21:25:32.265, 5, NVIDIA RTX PRO 6000 Blackwell Server Edition, P0, 0, 0, 653, 97887, 88.14, 36, 2325, 12481
2026/09/21 21:25:32.267, 6, NVIDIA RTX PRO 6000 Blackwell Server Edition, P0, 0, 0, 653, 97887, 87.39, 35, 2317, 12481
2026/09/21 21:25:32.268, 7, NVIDIA RTX PRO 6000 Blackwell Server Edition, P0, 0, 0, 653, 97887, 88.68, 35, 2332, 12481
2026/09/21 21:25:33.329, 0, NVIDIA RTX PRO 6000 Blackwell Server Edition, P0, 0, 0, 653, 97887, 88.34, 34, 2347, 12481
2026/09/21 21:25:33.331, 1, NVIDIA RTX PRO 6000 Blackwell Server Edition, P0, 0, 0, 653, 97887, 87.50, 33, 2302, 12481
2026/09/21 21:25:33.333, 2, NVIDIA RTX PRO 6000 Blackwell Server Edition, P0, 0, 0, 653, 97887, 86.28, 34, 2340, 12481
2026/09/21 21:25:33.334, 3, NVIDIA RTX PRO 6000 Blackwell Server Edition, P0, 0, 0, 653, 97887, 89.81, 34, 2340, 12481
2026/09/21 21:25:33.335, 4, NVIDIA RTX PRO 6000 Blackwell Server Edition, P0, 0, 0, 653, 97887, 93.63, 36, 2347, 12481
2026/09/21 21:25:33.337, 5, NVIDIA RTX PRO 6000 Blackwell Server Edition, P0, 100, 4, 1165, 97887, 99.18, 36, 2325, 12481
2026/09/21 21:25:33.340, 6, NVIDIA RTX PRO 6000 Blackwell Server Edition, P0, 0, 0, 653, 97887, 87.48, 35, 2317, 12481
2026/09/21 21:25:33.341, 7, NVIDIA RTX PRO 6000 Blackwell Server Edition, P0, 0, 0, 653, 97887, 88.71, 35, 2332, 12481
2026/09/21 21:25:34.406, 0, NVIDIA RTX PRO 6000 Blackwell Server Edition, P0, 0, 0, 653, 97887, 88.21, 34, 2347, 12481
2026/09/21 21:25:34.408, 1, NVIDIA RTX PRO 6000 Blackwell Server Edition, P0, 0, 0, 653, 97887, 87.42, 33, 2302, 12481
2026/09/21 21:25:34.410, 2, NVIDIA RTX PRO 6000 Blackwell Server Edition, P0, 0, 0, 653, 97887, 86.29, 35, 2340, 12481
2026/09/21 21:25:34.411, 3, NVIDIA RTX PRO 6000 Blackwell Server Edition, P0, 0, 0, 653, 97887, 89.75, 34, 2340, 12481
2026/09/21 21:25:34.413, 4, NVIDIA RTX PRO 6000 Blackwell Server Edition, P0, 0, 0, 653, 97887, 88.43, 36, 2355, 12481
2026/09/21 21:25:34.414, 5, NVIDIA RTX PRO 6000 Blackwell Server Edition, P0, 92, 4, 1165, 97887, 108.32, 36, 2325, 12481
2026/09/21 21:25:34.416, 6, NVIDIA RTX PRO 6000 Blackwell Server Edition, P0, 0, 0, 653, 97887, 87.41, 35, 2317, 12481
2026/09/21 21:25:34.418, 7, NVIDIA RTX PRO 6000 Blackwell Server Edition, P0, 0, 0, 653, 97887, 88.82, 35, 2332, 12481
2026/09/21 21:25:35.480, 0, NVIDIA RTX PRO 6000 Blackwell Server Edition, P0, 0, 0, 653, 97887, 88.37, 34, 2347, 12481
2026/09/21 21:25:35.482, 1, NVIDIA RTX PRO 6000 Blackwell Server Edition, P0, 0, 0, 653, 97887, 87.42, 33, 2302, 12481
2026/09/21 21:25:35.484, 2, NVIDIA RTX PRO 6000 Blackwell Server Edition, P0, 0, 0, 653, 97887, 86.37, 35, 2340, 12481
2026/09/21 21:25:35.485, 3, NVIDIA RTX PRO 6000 Blackwell Server Edition, P0, 0, 0, 653, 97887, 89.76, 34, 2340, 12481
2026/09/21 21:25:35.486, 4, NVIDIA RTX PRO 6000 Blackwell Server Edition, P0, 0, 0, 653, 97887, 88.43, 36, 2355, 12481
2026/09/21 21:25:35.488, 5, NVIDIA RTX PRO 6000 Blackwell Server Edition, P0, 0, 0, 653, 97887, 95.31, 36, 2325, 12481
2026/09/21 21:25:35.489, 6, NVIDIA RTX PRO 6000 Blackwell Server Edition, P0, 100, 4, 1165, 97887, 96.25, 36, 2310, 12481
2026/09/21 21:25:35.491, 7, NVIDIA RTX PRO 6000 Blackwell Server Edition, P0, 0, 0, 653, 97887, 88.78, 35, 2325, 12481
2026/09/21 21:25:36.554, 0, NVIDIA RTX PRO 6000 Blackwell Server Edition, P0, 0, 0, 653, 97887, 88.39, 34, 2347, 12481
2026/09/21 21:25:36.556, 1, NVIDIA RTX PRO 6000 Blackwell Server Edition, P0, 0, 0, 653, 97887, 87.43, 33, 2302, 12481
2026/09/21 21:25:36.557, 2, NVIDIA RTX PRO 6000 Blackwell Server Edition, P0, 0, 0, 653, 97887, 86.31, 35, 2340, 12481
2026/09/21 21:25:36.558, 3, NVIDIA RTX PRO 6000 Blackwell Server Edition, P0, 0, 0, 653, 97887, 89.66, 34, 2340, 12481
2026/09/21 21:25:36.560, 4, NVIDIA RTX PRO 6000 Blackwell Server Edition, P0, 0, 0, 653, 97887, 88.45, 36, 2355, 12481
2026/09/21 21:25:36.561, 5, NVIDIA RTX PRO 6000 Blackwell Server Edition, P0, 0, 0, 653, 97887, 88.41, 36, 2325, 12481
2026/09/21 21:25:36.562, 6, NVIDIA RTX PRO 6000 Blackwell Server Edition, P0, 92, 4, 1165, 97887, 107.64, 36, 2310, 12481
2026/09/21 21:25:36.564, 7, NVIDIA RTX PRO 6000 Blackwell Server Edition, P0, 0, 0, 653, 97887, 88.76, 35, 2325, 12481
2026/09/21 21:25:37.627, 0, NVIDIA RTX PRO 6000 Blackwell Server Edition, P0, 0, 0, 653, 97887, 88.38, 34, 2347, 12481
2026/09/21 21:25:37.629, 1, NVIDIA RTX PRO 6000 Blackwell Server Edition, P0, 0, 0, 653, 97887, 87.46, 34, 2302, 12481
2026/09/21 21:25:37.630, 2, NVIDIA RTX PRO 6000 Blackwell Server Edition, P0, 0, 0, 653, 97887, 86.34, 35, 2340, 12481
2026/09/21 21:25:37.632, 3, NVIDIA RTX PRO 6000 Blackwell Server Edition, P0, 0, 0, 653, 97887, 89.71, 34, 2340, 12481
2026/09/21 21:25:37.633, 4, NVIDIA RTX PRO 6000 Blackwell Server Edition, P0, 0, 0, 653, 97887, 88.53, 36, 2355, 12481
2026/09/21 21:25:37.634, 5, NVIDIA RTX PRO 6000 Blackwell Server Edition, P0, 0, 0, 653, 97887, 88.42, 36, 2325, 12481
2026/09/21 21:25:37.636, 6, NVIDIA RTX PRO 6000 Blackwell Server Edition, P0, 0, 0, 653, 97887, 97.14, 36, 2310, 12481
2026/09/21 21:25:37.637, 7, NVIDIA RTX PRO 6000 Blackwell Server Edition, P0, 91, 3, 1165, 97887, 97.45, 36, 2325, 12481
2026/09/21 21:25:38.699, 0, NVIDIA RTX PRO 6000 Blackwell Server Edition, P0, 0, 0, 653, 97887, 88.41, 34, 2347, 12481
2026/09/21 21:25:38.701, 1, NVIDIA RTX PRO 6000 Blackwell Server Edition, P0, 0, 0, 653, 97887, 87.48, 34, 2302, 12481
2026/09/21 21:25:38.702, 2, NVIDIA RTX PRO 6000 Blackwell Server Edition, P0, 0, 0, 653, 97887, 86.32, 35, 2340, 12481
2026/09/21 21:25:38.704, 3, NVIDIA RTX PRO 6000 Blackwell Server Edition, P0, 0, 0, 653, 97887, 90.25, 34, 2340, 12481
2026/09/21 21:25:38.705, 4, NVIDIA RTX PRO 6000 Blackwell Server Edition, P0, 0, 0, 653, 97887, 88.54, 37, 2355, 12481
2026/09/21 21:25:38.706, 5, NVIDIA RTX PRO 6000 Blackwell Server Edition, P0, 0, 0, 653, 97887, 88.39, 36, 2325, 12481
2026/09/21 21:25:38.708, 6, NVIDIA RTX PRO 6000 Blackwell Server Edition, P0, 0, 0, 653, 97887, 87.45, 36, 2310, 12481
2026/09/21 21:25:38.709, 7, NVIDIA RTX PRO 6000 Blackwell Server Edition, P0, 94, 4, 1165, 97887, 109.06, 36, 2325, 12481
2026/09/21 21:25:39.771, 0, NVIDIA RTX PRO 6000 Blackwell Server Edition, P0, 100, 4, 1165, 97887, 93.83, 34, 2347, 12481
2026/09/21 21:25:39.774, 1, NVIDIA RTX PRO 6000 Blackwell Server Edition, P0, 0, 0, 653, 97887, 87.47, 34, 2302, 12481
2026/09/21 21:25:39.775, 2, NVIDIA RTX PRO 6000 Blackwell Server Edition, P0, 0, 0, 653, 97887, 86.39, 35, 2340, 12481
2026/09/21 21:25:39.777, 3, NVIDIA RTX PRO 6000 Blackwell Server Edition, P0, 0, 0, 653, 97887, 90.49, 34, 2340, 12481
2026/09/21 21:25:39.778, 4, NVIDIA RTX PRO 6000 Blackwell Server Edition, P0, 0, 0, 653, 97887, 88.69, 37, 2347, 12481
2026/09/21 21:25:39.780, 5, NVIDIA RTX PRO 6000 Blackwell Server Edition, P0, 0, 0, 653, 97887, 88.42, 36, 2325, 12481
2026/09/21 21:25:39.781, 6, NVIDIA RTX PRO 6000 Blackwell Server Edition, P0, 0, 0, 653, 97887, 87.56, 36, 2310, 12481
2026/09/21 21:25:39.783, 7, NVIDIA RTX PRO 6000 Blackwell Server Edition, P0, 0, 0, 653, 97887, 100.42, 36, 2325, 12481
2026/09/21 21:25:40.846, 0, NVIDIA RTX PRO 6000 Blackwell Server Edition, P0, 92, 3, 1165, 97887, 108.05, 35, 2332, 12481
2026/09/21 21:25:40.848, 1, NVIDIA RTX PRO 6000 Blackwell Server Edition, P0, 0, 0, 653, 97887, 87.50, 34, 2302, 12481
2026/09/21 21:25:40.850, 2, NVIDIA RTX PRO 6000 Blackwell Server Edition, P0, 0, 0, 653, 97887, 86.44, 35, 2340, 12481
2026/09/21 21:25:40.851, 3, NVIDIA RTX PRO 6000 Blackwell Server Edition, P0, 0, 0, 653, 97887, 90.46, 34, 2340, 12481
2026/09/21 21:25:40.853, 4, NVIDIA RTX PRO 6000 Blackwell Server Edition, P0, 0, 0, 653, 97887, 88.63, 37, 2347, 12481
2026/09/21 21:25:40.854, 5, NVIDIA RTX PRO 6000 Blackwell Server Edition, P0, 0, 0, 653, 97887, 88.45, 36, 2325, 12481
2026/09/21 21:25:40.856, 6, NVIDIA RTX PRO 6000 Blackwell Server Edition, P0, 0, 0, 653, 97887, 87.51, 36, 2310, 12481
2026/09/21 21:25:40.857, 7, NVIDIA RTX PRO 6000 Blackwell Server Edition, P0, 0, 0, 653, 97887, 88.97, 36, 2325, 12481
2026/09/21 21:25:41.920, 0, NVIDIA RTX PRO 6000 Blackwell Server Edition, P0, 1, 0, 653, 97887, 102.88, 35, 2332, 12481
2026/09/21 21:25:41.922, 1, NVIDIA RTX PRO 6000 Blackwell Server Edition, P0, 43, 1, 1165, 97887, 89.04, 34, 2302, 12481
2026/09/21 21:25:41.924, 2, NVIDIA RTX PRO 6000 Blackwell Server Edition, P0, 0, 0, 653, 97887, 86.43, 35, 2340, 12481
2026/09/21 21:25:41.926, 3, NVIDIA RTX PRO 6000 Blackwell Server Edition, P0, 1, 0, 653, 97887, 90.48, 34, 2340, 12481
2026/09/21 21:25:41.927, 4, NVIDIA RTX PRO 6000 Blackwell Server Edition, P0, 1, 0, 653, 97887, 88.54, 37, 2355, 12481
2026/09/21 21:25:41.929, 5, NVIDIA RTX PRO 6000 Blackwell Server Edition, P0, 0, 0, 653, 97887, 88.49, 36, 2325, 12481
2026/09/21 21:25:41.930, 6, NVIDIA RTX PRO 6000 Blackwell Server Edition, P0, 0, 0, 653, 97887, 87.57, 36, 2310, 12481
2026/09/21 21:25:41.932, 7, NVIDIA RTX PRO 6000 Blackwell Server Edition, P0, 0, 0, 653, 97887, 89.04, 36, 2325, 12481
2026/09/21 21:25:42.995, 0, NVIDIA RTX PRO 6000 Blackwell Server Edition, P0, 0, 0, 653, 97887, 88.51, 34, 2332, 12481
2026/09/21 21:25:42.997, 1, NVIDIA RTX PRO 6000 Blackwell Server Edition, P0, 100, 4, 1165, 97887, 108.40, 34, 2302, 12481
2026/09/21 21:25:42.999, 2, NVIDIA RTX PRO 6000 Blackwell Server Edition, P0, 0, 0, 653, 97887, 86.40, 35, 2340, 12481
2026/09/21 21:25:43.000, 3, NVIDIA RTX PRO 6000 Blackwell Server Edition, P0, 0, 0, 653, 97887, 90.41, 34, 2340, 12481
2026/09/21 21:25:43.002, 4, NVIDIA RTX PRO 6000 Blackwell Server Edition, P0, 0, 0, 653, 97887, 88.60, 37, 2355, 12481
2026/09/21 21:25:43.003, 5, NVIDIA RTX PRO 6000 Blackwell Server Edition, P0, 0, 0, 653, 97887, 88.46, 36, 2325, 12481
2026/09/21 21:25:43.004, 6, NVIDIA RTX PRO 6000 Blackwell Server Edition, P0, 0, 0, 653, 97887, 87.58, 36, 2310, 12481
2026/09/21 21:25:43.006, 7, NVIDIA RTX PRO 6000 Blackwell Server Edition, P0, 0, 0, 653, 97887, 89.03, 36, 2325, 12481
2026/09/21 21:25:44.070, 0, NVIDIA RTX PRO 6000 Blackwell Server Edition, P0, 0, 0, 653, 97887, 88.44, 34, 2332, 12481
2026/09/21 21:25:44.073, 1, NVIDIA RTX PRO 6000 Blackwell Server Edition, P0, 55, 2, 653, 97887, 106.60, 34, 2302, 12481
2026/09/21 21:25:44.077, 2, NVIDIA RTX PRO 6000 Blackwell Server Edition, P0, 0, 0, 653, 97887, 86.38, 35, 2340, 12481
2026/09/21 21:25:44.081, 3, NVIDIA RTX PRO 6000 Blackwell Server Edition, P0, 0, 0, 653, 97887, 90.35, 34, 2340, 12481
2026/09/21 21:25:44.085, 4, NVIDIA RTX PRO 6000 Blackwell Server Edition, P0, 1, 0, 653, 97887, 88.65, 37, 2355, 12481
2026/09/21 21:25:44.087, 5, NVIDIA RTX PRO 6000 Blackwell Server Edition, P0, 0, 0, 653, 97887, 88.52, 36, 2325, 12481
2026/09/21 21:25:44.090, 6, NVIDIA RTX PRO 6000 Blackwell Server Edition, P0, 0, 0, 653, 97887, 87.63, 36, 2310, 12481
2026/09/21 21:25:44.092, 7, NVIDIA RTX PRO 6000 Blackwell Server Edition, P0, 0, 0, 653, 97887, 89.12, 36, 2325, 12481
2026/09/21 21:25:45.153, 0, NVIDIA RTX PRO 6000 Blackwell Server Edition, P0, 0, 0, 653, 97887, 88.49, 34, 2332, 12481
2026/09/21 21:25:45.155, 1, NVIDIA RTX PRO 6000 Blackwell Server Edition, P0, 0, 0, 653, 97887, 87.56, 34, 2302, 12481
2026/09/21 21:25:45.157, 2, NVIDIA RTX PRO 6000 Blackwell Server Edition, P0, 100, 4, 1165, 97887, 105.64, 35, 2332, 12481
2026/09/21 21:25:45.159, 3, NVIDIA RTX PRO 6000 Blackwell Server Edition, P0, 0, 0, 653, 97887, 90.27, 35, 2340, 12481
2026/09/21 21:25:45.160, 4, NVIDIA RTX PRO 6000 Blackwell Server Edition, P0, 0, 0, 653, 97887, 88.70, 37, 2355, 12481
2026/09/21 21:25:45.162, 5, NVIDIA RTX PRO 6000 Blackwell Server Edition, P0, 0, 0, 653, 97887, 88.53, 36, 2325, 12481
2026/09/21 21:25:45.163, 6, NVIDIA RTX PRO 6000 Blackwell Server Edition, P0, 0, 0, 653, 97887, 87.63, 36, 2310, 12481
2026/09/21 21:25:45.165, 7, NVIDIA RTX PRO 6000 Blackwell Server Edition, P0, 0, 0, 653, 97887, 89.10, 36, 2325, 12481
2026/09/21 21:25:46.226, 0, NVIDIA RTX PRO 6000 Blackwell Server Edition, P0, 0, 0, 653, 97887, 88.48, 34, 2332, 12481
2026/09/21 21:25:46.228, 1, NVIDIA RTX PRO 6000 Blackwell Server Edition, P0, 0, 0, 653, 97887, 87.60, 34, 2302, 12481
2026/09/21 21:25:46.229, 2, NVIDIA RTX PRO 6000 Blackwell Server Edition, P0, 92, 3, 1165, 97887, 106.02, 35, 2325, 12481
2026/09/21 21:25:46.231, 3, NVIDIA RTX PRO 6000 Blackwell Server Edition, P0, 0, 0, 653, 97887, 90.32, 35, 2340, 12481
2026/09/21 21:25:46.232, 4, NVIDIA RTX PRO 6000 Blackwell Server Edition, P0, 0, 0, 653, 97887, 88.79, 37, 2355, 12481
2026/09/21 21:25:46.234, 5, NVIDIA RTX PRO 6000 Blackwell Server Edition, P0, 0, 0, 653, 97887, 88.52, 36, 2325, 12481
2026/09/21 21:25:46.235, 6, NVIDIA RTX PRO 6000 Blackwell Server Edition, P0, 0, 0, 653, 97887, 87.64, 36, 2310, 12481
2026/09/21 21:25:46.237, 7, NVIDIA RTX PRO 6000 Blackwell Server Edition, P0, 0, 0, 653, 97887, 89.08, 36, 2325, 12481
2026/09/21 21:25:47.300, 0, NVIDIA RTX PRO 6000 Blackwell Server Edition, P0, 0, 0, 653, 97887, 88.42, 35, 2332, 12481
2026/09/21 21:25:47.302, 1, NVIDIA RTX PRO 6000 Blackwell Server Edition, P0, 0, 0, 653, 97887, 87.57, 34, 2302, 12481
2026/09/21 21:25:47.304, 2, NVIDIA RTX PRO 6000 Blackwell Server Edition, P0, 0, 0, 653, 97887, 88.34, 35, 2325, 12481
2026/09/21 21:25:47.306, 3, NVIDIA RTX PRO 6000 Blackwell Server Edition, P0, 94, 3, 1169, 97887, 105.83, 35, 2332, 12481
2026/09/21 21:25:47.308, 4, NVIDIA RTX PRO 6000 Blackwell Server Edition, P0, 0, 0, 653, 97887, 88.76, 37, 2355, 12481
2026/09/21 21:25:47.310, 5, NVIDIA RTX PRO 6000 Blackwell Server Edition, P0, 0, 0, 653, 97887, 88.59, 36, 2325, 12481
2026/09/21 21:25:47.311, 6, NVIDIA RTX PRO 6000 Blackwell Server Edition, P0, 0, 0, 653, 97887, 87.67, 36, 2310, 12481
2026/09/21 21:25:47.312, 7, NVIDIA RTX PRO 6000 Blackwell Server Edition, P0, 0, 0, 653, 97887, 89.10, 36, 2325, 12481
2026/09/21 21:25:48.376, 0, NVIDIA RTX PRO 6000 Blackwell Server Edition, P0, 0, 0, 653, 97887, 88.51, 35, 2332, 12481
2026/09/21 21:25:48.377, 1, NVIDIA RTX PRO 6000 Blackwell Server Edition, P0, 0, 0, 653, 97887, 87.55, 34, 2302, 12481
2026/09/21 21:25:48.379, 2, NVIDIA RTX PRO 6000 Blackwell Server Edition, P0, 0, 0, 653, 97887, 86.42, 35, 2332, 12481
2026/09/21 21:25:48.380, 3, NVIDIA RTX PRO 6000 Blackwell Server Edition, P0, 98, 3, 1165, 97887, 109.77, 35, 2332, 12481
2026/09/21 21:25:48.382, 4, NVIDIA RTX PRO 6000 Blackwell Server Edition, P0, 0, 0, 653, 97887, 88.74, 37, 2355, 12481
2026/09/21 21:25:48.384, 5, NVIDIA RTX PRO 6000 Blackwell Server Edition, P0, 0, 0, 653, 97887, 88.51, 37, 2325, 12481
2026/09/21 21:25:48.385, 6, NVIDIA RTX PRO 6000 Blackwell Server Edition, P0, 0, 0, 653, 97887, 87.64, 36, 2310, 12481
2026/09/21 21:25:48.386, 7, NVIDIA RTX PRO 6000 Blackwell Server Edition, P0, 0, 0, 653, 97887, 89.06, 36, 2325, 12481
2026/09/21 21:25:49.450, 0, NVIDIA RTX PRO 6000 Blackwell Server Edition, P0, 0, 0, 653, 97887, 88.47, 35, 2332, 12481
2026/09/21 21:25:49.452, 1, NVIDIA RTX PRO 6000 Blackwell Server Edition, P0, 0, 0, 653, 97887, 87.64, 34, 2302, 12481
2026/09/21 21:25:49.453, 2, NVIDIA RTX PRO 6000 Blackwell Server Edition, P0, 0, 0, 653, 97887, 86.46, 35, 2325, 12481
2026/09/21 21:25:49.455, 3, NVIDIA RTX PRO 6000 Blackwell Server Edition, P0, 0, 0, 653, 97887, 94.65, 35, 2332, 12481
2026/09/21 21:25:49.457, 4, NVIDIA RTX PRO 6000 Blackwell Server Edition, P0, 100, 4, 1165, 97887, 101.25, 37, 2347, 12481
2026/09/21 21:25:49.460, 5, NVIDIA RTX PRO 6000 Blackwell Server Edition, P0, 0, 0, 653, 97887, 88.63, 36, 2325, 12481
2026/09/21 21:25:49.462, 6, NVIDIA RTX PRO 6000 Blackwell Server Edition, P0, 0, 0, 653, 97887, 87.76, 36, 2310, 12481
2026/09/21 21:25:49.463, 7, NVIDIA RTX PRO 6000 Blackwell Server Edition, P0, 0, 0, 653, 97887, 89.11, 36, 2325, 12481
2026/09/21 21:25:50.526, 0, NVIDIA RTX PRO 6000 Blackwell Server Edition, P0, 0, 0, 653, 97887, 88.54, 35, 2332, 12481
2026/09/21 21:25:50.528, 1, NVIDIA RTX PRO 6000 Blackwell Server Edition, P0, 0, 0, 653, 97887, 87.64, 34, 2302, 12481
2026/09/21 21:25:50.529, 2, NVIDIA RTX PRO 6000 Blackwell Server Edition, P0, 0, 0, 653, 97887, 86.40, 35, 2325, 12481
2026/09/21 21:25:50.531, 3, NVIDIA RTX PRO 6000 Blackwell Server Edition, P0, 0, 0, 653, 97887, 90.10, 35, 2332, 12481
2026/09/21 21:25:50.532, 4, NVIDIA RTX PRO 6000 Blackwell Server Edition, P0, 92, 3, 1165, 97887, 109.18, 38, 2355, 12481
2026/09/21 21:25:50.534, 5, NVIDIA RTX PRO 6000 Blackwell Server Edition, P0, 0, 0, 653, 97887, 88.61, 37, 2325, 12481
2026/09/21 21:25:50.536, 6, NVIDIA RTX PRO 6000 Blackwell Server Edition, P0, 0, 0, 653, 97887, 87.75, 36, 2310, 12481
2026/09/21 21:25:50.537, 7, NVIDIA RTX PRO 6000 Blackwell Server Edition, P0, 0, 0, 653, 97887, 89.11, 36, 2325, 12481
2026/09/21 21:25:51.599, 0, NVIDIA RTX PRO 6000 Blackwell Server Edition, P0, 0, 0, 653, 97887, 88.51, 35, 2332, 12481
2026/09/21 21:25:51.601, 1, NVIDIA RTX PRO 6000 Blackwell Server Edition, P0, 0, 0, 653, 97887, 87.64, 34, 2302, 12481
2026/09/21 21:25:51.604, 2, NVIDIA RTX PRO 6000 Blackwell Server Edition, P0, 0, 0, 653, 97887, 86.50, 35, 2325, 12481
2026/09/21 21:25:51.605, 3, NVIDIA RTX PRO 6000 Blackwell Server Edition, P0, 0, 0, 653, 97887, 90.06, 35, 2332, 12481
2026/09/21 21:25:51.606, 4, NVIDIA RTX PRO 6000 Blackwell Server Edition, P0, 0, 0, 653, 97887, 98.78, 37, 2355, 12481
2026/09/21 21:25:51.608, 5, NVIDIA RTX PRO 6000 Blackwell Server Edition, P0, 94, 3, 1165, 97887, 97.02, 37, 2325, 12481
2026/09/21 21:25:51.610, 6, NVIDIA RTX PRO 6000 Blackwell Server Edition, P0, 0, 0, 653, 97887, 87.82, 36, 2310, 12481
2026/09/21 21:25:51.612, 7, NVIDIA RTX PRO 6000 Blackwell Server Edition, P0, 0, 0, 653, 97887, 89.21, 36, 2325, 12481
2026/09/21 21:25:52.673, 0, NVIDIA RTX PRO 6000 Blackwell Server Edition, P0, 0, 0, 653, 97887, 88.53, 35, 2332, 12481
2026/09/21 21:25:52.675, 1, NVIDIA RTX PRO 6000 Blackwell Server Edition, P0, 0, 0, 653, 97887, 87.66, 34, 2302, 12481
2026/09/21 21:25:52.676, 2, NVIDIA RTX PRO 6000 Blackwell Server Edition, P0, 0, 0, 653, 97887, 86.45, 35, 2325, 12481
2026/09/21 21:25:52.678, 3, NVIDIA RTX PRO 6000 Blackwell Server Edition, P0, 0, 0, 653, 97887, 89.93, 35, 2332, 12481
2026/09/21 21:25:52.679, 4, NVIDIA RTX PRO 6000 Blackwell Server Edition, P0, 0, 0, 653, 97887, 88.88, 37, 2355, 12481
2026/09/21 21:25:52.680, 5, NVIDIA RTX PRO 6000 Blackwell Server Edition, P0, 100, 4, 1169, 97887, 108.75, 37, 2325, 12481
2026/09/21 21:25:52.683, 6, NVIDIA RTX PRO 6000 Blackwell Server Edition, P0, 0, 0, 653, 97887, 87.75, 36, 2310, 12481
2026/09/21 21:25:52.685, 7, NVIDIA RTX PRO 6000 Blackwell Server Edition, P0, 0, 0, 653, 97887, 89.18, 36, 2325, 12481
2026/09/21 21:25:53.750, 0, NVIDIA RTX PRO 6000 Blackwell Server Edition, P0, 1, 0, 653, 97887, 88.59, 35, 2332, 12481
2026/09/21 21:25:53.752, 1, NVIDIA RTX PRO 6000 Blackwell Server Edition, P0, 0, 0, 653, 97887, 87.65, 34, 2302, 12481
2026/09/21 21:25:53.753, 2, NVIDIA RTX PRO 6000 Blackwell Server Edition, P0, 1, 0, 653, 97887, 86.53, 35, 2325, 12481
2026/09/21 21:25:53.755, 3, NVIDIA RTX PRO 6000 Blackwell Server Edition, P0, 0, 0, 653, 97887, 89.97, 35, 2325, 12481
2026/09/21 21:25:53.756, 4, NVIDIA RTX PRO 6000 Blackwell Server Edition, P0, 0, 0, 653, 97887, 88.92, 37, 2347, 12481
2026/09/21 21:25:53.758, 5, NVIDIA RTX PRO 6000 Blackwell Server Edition, P0, 0, 0, 653, 97887, 102.50, 37, 2325, 12481
2026/09/21 21:25:53.759, 6, NVIDIA RTX PRO 6000 Blackwell Server Edition, P0, 100, 4, 1165, 97887, 91.59, 36, 2310, 12481
2026/09/21 21:25:53.761, 7, NVIDIA RTX PRO 6000 Blackwell Server Edition, P0, 0, 0, 653, 97887, 89.26, 36, 2325, 12481
2026/09/21 21:25:54.824, 0, NVIDIA RTX PRO 6000 Blackwell Server Edition, P0, 0, 0, 653, 97887, 88.44, 35, 2332, 12481
2026/09/21 21:25:54.827, 1, NVIDIA RTX PRO 6000 Blackwell Server Edition, P0, 0, 0, 653, 97887, 87.62, 34, 2302, 12481
2026/09/21 21:25:54.829, 2, NVIDIA RTX PRO 6000 Blackwell Server Edition, P0, 0, 0, 653, 97887, 86.44, 35, 2325, 12481
2026/09/21 21:25:54.831, 3, NVIDIA RTX PRO 6000 Blackwell Server Edition, P0, 0, 0, 653, 97887, 89.93, 35, 2332, 12481
2026/09/21 21:25:54.832, 4, NVIDIA RTX PRO 6000 Blackwell Server Edition, P0, 0, 0, 653, 97887, 88.91, 37, 2355, 12481
2026/09/21 21:25:54.835, 5, NVIDIA RTX PRO 6000 Blackwell Server Edition, P0, 0, 0, 653, 97887, 88.73, 37, 2325, 12481
2026/09/21 21:25:54.836, 6, NVIDIA RTX PRO 6000 Blackwell Server Edition, P0, 94, 3, 1167, 97887, 107.69, 37, 2310, 12481
2026/09/21 21:25:54.838, 7, NVIDIA RTX PRO 6000 Blackwell Server Edition, P0, 0, 0, 653, 97887, 89.30, 36, 2325, 12481
2026/09/21 21:25:55.902, 0, NVIDIA RTX PRO 6000 Blackwell Server Edition, P0, 0, 0, 653, 97887, 88.56, 35, 2332, 12481
2026/09/21 21:25:55.904, 1, NVIDIA RTX PRO 6000 Blackwell Server Edition, P0, 0, 0, 653, 97887, 87.65, 34, 2302, 12481
2026/09/21 21:25:55.906, 2, NVIDIA RTX PRO 6000 Blackwell Server Edition, P0, 1, 0, 653, 97887, 86.47, 35, 2325, 12481
2026/09/21 21:25:55.907, 3, NVIDIA RTX PRO 6000 Blackwell Server Edition, P0, 1, 0, 653, 97887, 89.91, 35, 2325, 12481
2026/09/21 21:25:55.908, 4, NVIDIA RTX PRO 6000 Blackwell Server Edition, P0, 1, 0, 653, 97887, 88.99, 37, 2355, 12481
2026/09/21 21:25:55.910, 5, NVIDIA RTX PRO 6000 Blackwell Server Edition, P0, 1, 0, 653, 97887, 88.79, 37, 2325, 12481
2026/09/21 21:25:55.911, 6, NVIDIA RTX PRO 6000 Blackwell Server Edition, P0, 1, 0, 653, 97887, 104.82, 37, 2310, 12481
2026/09/21 21:25:55.913, 7, NVIDIA RTX PRO 6000 Blackwell Server Edition, P0, 0, 0, 1165, 97887, 89.35, 36, 2385, 12481
2026/09/21 21:25:56.976, 0, NVIDIA RTX PRO 6000 Blackwell Server Edition, P0, 0, 0, 653, 97887, 88.49, 35, 2332, 12481
2026/09/21 21:25:56.978, 1, NVIDIA RTX PRO 6000 Blackwell Server Edition, P0, 0, 0, 653, 97887, 87.66, 34, 2302, 12481
2026/09/21 21:25:56.979, 2, NVIDIA RTX PRO 6000 Blackwell Server Edition, P0, 0, 0, 653, 97887, 86.53, 35, 2325, 12481
2026/09/21 21:25:56.981, 3, NVIDIA RTX PRO 6000 Blackwell Server Edition, P0, 0, 0, 653, 97887, 89.91, 35, 2332, 12481
2026/09/21 21:25:56.982, 4, NVIDIA RTX PRO 6000 Blackwell Server Edition, P0, 0, 0, 653, 97887, 88.95, 37, 2355, 12481
2026/09/21 21:25:56.983, 5, NVIDIA RTX PRO 6000 Blackwell Server Edition, P0, 0, 0, 653, 97887, 88.82, 37, 2325, 12481
2026/09/21 21:25:56.985, 6, NVIDIA RTX PRO 6000 Blackwell Server Edition, P0, 0, 0, 653, 97887, 87.99, 37, 2310, 12481
2026/09/21 21:25:56.987, 7, NVIDIA RTX PRO 6000 Blackwell Server Edition, P0, 97, 4, 1165, 97887, 109.40, 37, 2325, 12481
2026/09/21 21:25:58.048, 0, NVIDIA RTX PRO 6000 Blackwell Server Edition, P0, 0, 0, 653, 97887, 88.61, 35, 2332, 12481
2026/09/21 21:25:58.050, 1, NVIDIA RTX PRO 6000 Blackwell Server Edition, P0, 0, 0, 653, 97887, 87.68, 34, 2302, 12481
2026/09/21 21:25:58.052, 2, NVIDIA RTX PRO 6000 Blackwell Server Edition, P0, 0, 0, 653, 97887, 86.52, 35, 2332, 12481
2026/09/21 21:25:58.053, 3, NVIDIA RTX PRO 6000 Blackwell Server Edition, P0, 0, 0, 653, 97887, 89.98, 35, 2332, 12481
2026/09/21 21:25:58.055, 4, NVIDIA RTX PRO 6000 Blackwell Server Edition, P0, 0, 0, 653, 97887, 88.93, 37, 2355, 12481
2026/09/21 21:25:58.057, 5, NVIDIA RTX PRO 6000 Blackwell Server Edition, P0, 0, 0, 653, 97887, 88.79, 37, 2325, 12481
2026/09/21 21:25:58.059, 6, NVIDIA RTX PRO 6000 Blackwell Server Edition, P0, 0, 0, 653, 97887, 87.89, 37, 2310, 12481
2026/09/21 21:25:58.061, 7, NVIDIA RTX PRO 6000 Blackwell Server Edition, P0, 96, 3, 653, 97887, 109.52, 37, 2325, 12481
2026/09/21 21:25:59.128, 0, NVIDIA RTX PRO 6000 Blackwell Server Edition, P0, 0, 0, 0, 97887, 89.53, 35, 2332, 12481
2026/09/21 21:25:59.130, 1, NVIDIA RTX PRO 6000 Blackwell Server Edition, P0, 0, 0, 0, 97887, 88.59, 34, 2302, 12481
2026/09/21 21:25:59.131, 2, NVIDIA RTX PRO 6000 Blackwell Server Edition, P0, 0, 0, 0, 97887, 87.76, 35, 2332, 12481
2026/09/21 21:25:59.132, 3, NVIDIA RTX PRO 6000 Blackwell Server Edition, P0, 0, 0, 0, 97887, 91.14, 35, 2332, 12481
2026/09/21 21:25:59.134, 4, NVIDIA RTX PRO 6000 Blackwell Server Edition, P0, 0, 0, 0, 97887, 90.09, 38, 2355, 12481
2026/09/21 21:25:59.135, 5, NVIDIA RTX PRO 6000 Blackwell Server Edition, P0, 0, 0, 0, 97887, 90.02, 37, 2325, 12481
2026/09/21 21:25:59.137, 6, NVIDIA RTX PRO 6000 Blackwell Server Edition, P0, 0, 0, 0, 97887, 89.03, 37, 2310, 12481
2026/09/21 21:25:59.138, 7, NVIDIA RTX PRO 6000 Blackwell Server Edition, P0, 0, 0, 0, 97887, 90.52, 37, 2325, 12481
