2026/09/21 21:56:38.869, 0, NVIDIA RTX PRO 6000 Blackwell Server Edition, P0, 2, 1, 0, 97887, 90.68, 36, 2340, 12481
2026/09/21 21:56:38.875, 1, NVIDIA RTX PRO 6000 Blackwell Server Edition, P0, 2, 1, 0, 97887, 89.64, 35, 2295, 12481
2026/09/21 21:56:38.878, 2, NVIDIA RTX PRO 6000 Blackwell Server Edition, P0, 2, 1, 0, 97887, 88.73, 37, 2325, 12481
2026/09/21 21:56:38.882, 3, NVIDIA RTX PRO 6000 Blackwell Server Edition, P0, 2, 1, 0, 97887, 92.47, 36, 2332, 12481
2026/09/21 21:56:38.887, 4, NVIDIA RTX PRO 6000 Blackwell Server Edition, P0, 0, 0, 0, 97887, 91.43, 39, 2355, 12481
2026/09/21 21:56:38.891, 5, NVIDIA RTX PRO 6000 Blackwell Server Edition, P0, 0, 0, 0, 97887, 91.01, 38, 2325, 12481
2026/09/21 21:56:38.896, 6, NVIDIA RTX PRO 6000 Blackwell Server Edition, P0, 0, 0, 0, 97887, 90.03, 38, 2310, 12481
2026/09/21 21:56:38.900, 7, NVIDIA RTX PRO 6000 Blackwell Server Edition, P0, 0, 0, 0, 97887, 91.75, 38, 2325, 12481
2026/09/21 21:56:39.989, 0, NVIDIA RTX PRO 6000 Blackwell Server Edition, P0, 0, 0, 563, 97887, 90.49, 36, 2340, 12481
2026/09/21 21:56:39.995, 1, NVIDIA RTX PRO 6000 Blackwell Server Edition, P0, 0, 0, 563, 97887, 89.54, 35, 2287, 12481
2026/09/21 21:56:40.000, 2, NVIDIA RTX PRO 6000 Blackwell Server Edition, P0, 2, 0, 563, 97887, 88.77, 37, 2325, 12481
2026/09/21 21:56:40.006, 3, NVIDIA RTX PRO 6000 Blackwell Server Edition, P0, 2, 0, 563, 97887, 92.66, 36, 2332, 12481
2026/09/21 21:56:40.008, 4, NVIDIA RTX PRO 6000 Blackwell Server Edition, P0, 0, 0, 563, 97887, 90.95, 39, 2355, 12481
2026/09/21 21:56:40.010, 5, NVIDIA RTX PRO 6000 Blackwell Server Edition, P0, 0, 0, 31, 97887, 89.69, 38, 2325, 12481
2026/09/21 21:56:40.012, 6, NVIDIA RTX PRO 6000 Blackwell Server Edition, P0, 0, 0, 3, 97887, 89.43, 38, 2310, 12481
2026/09/21 21:56:40.015, 7, NVIDIA RTX PRO 6000 Blackwell Server Edition, P0, 0, 0, 3, 97887, 71.12, 37, 487, 12481
2026/09/21 21:56:41.078, 0, NVIDIA RTX PRO 6000 Blackwell Server Edition, P0, 0, 0, 769, 97887, 89.54, 36, 2340, 12481
2026/09/21 21:56:41.081, 1, NVIDIA RTX PRO 6000 Blackwell Server Edition, P0, 0, 0, 769, 97887, 88.53, 35, 2295, 12481
2026/09/21 21:56:41.082, 2, NVIDIA RTX PRO 6000 Blackwell Server Edition, P0, 0, 0, 769, 97887, 87.74, 37, 2325, 12481
2026/09/21 21:56:41.084, 3, NVIDIA RTX PRO 6000 Blackwell Server Edition, P0, 0, 0, 769, 97887, 91.53, 36, 2332, 12481
2026/09/21 21:56:41.085, 4, NVIDIA RTX PRO 6000 Blackwell Server Edition, P0, 0, 0, 769, 97887, 90.42, 39, 2355, 12481
2026/09/21 21:56:41.087, 5, NVIDIA RTX PRO 6000 Blackwell Server Edition, P0, 0, 0, 769, 97887, 90.14, 38, 2325, 12481
2026/09/21 21:56:41.088, 6, NVIDIA RTX PRO 6000 Blackwell Server Edition, P0, 0, 0, 769, 97887, 89.68, 38, 2310, 12481
2026/09/21 21:56:41.090, 7, NVIDIA RTX PRO 6000 Blackwell Server Edition, P0, 0, 0, 769, 97887, 87.00, 38, 2325, 12481
2026/09/21 21:56:42.156, 0, NVIDIA RTX PRO 6000 Blackwell Server Edition, P0, 19, 0, 1663, 97887, 90.71, 36, 2340, 12481
2026/09/21 21:56:42.159, 1, NVIDIA RTX PRO 6000 Blackwell Server Edition, P0, 19, 0, 1683, 97887, 89.80, 35, 2295, 12481
2026/09/21 21:56:42.160, 2, NVIDIA RTX PRO 6000 Blackwell Server Edition, P0, 15, 0, 1683, 97887, 88.80, 37, 2325, 12481
2026/09/21 21:56:42.162, 3, NVIDIA RTX PRO 6000 Blackwell Server Edition, P0, 19, 0, 1679, 97887, 92.61, 36, 2332, 12481
2026/09/21 21:56:42.163, 4, NVIDIA RTX PRO 6000 Blackwell Server Edition, P0, 4, 0, 1663, 97887, 91.81, 39, 2355, 12481
2026/09/21 21:56:42.165, 5, NVIDIA RTX PRO 6000 Blackwell Server Edition, P0, 21, 0, 1683, 97887, 91.58, 38, 2325, 12481
2026/09/21 21:56:42.167, 6, NVIDIA RTX PRO 6000 Blackwell Server Edition, P0, 13, 0, 1683, 97887, 90.47, 38, 2310, 12481
2026/09/21 21:56:42.168, 7, NVIDIA RTX PRO 6000 Blackwell Server Edition, P0, 3, 0, 1679, 97887, 91.71, 38, 2325, 12481
2026/09/21 21:56:43.239, 0, NVIDIA RTX PRO 6000 Blackwell Server Edition, P0, 23, 0, 1663, 97887, 91.74, 36, 2340, 12481
2026/09/21 21:56:43.241, 1, NVIDIA RTX PRO 6000 Blackwell Server Edition, P0, 16, 0, 1683, 97887, 90.79, 35, 2295, 12481
2026/09/21 21:56:43.243, 2, NVIDIA RTX PRO 6000 Blackwell Server Edition, P0, 8, 0, 1683, 97887, 89.75, 37, 2325, 12481
2026/09/21 21:56:43.245, 3, NVIDIA RTX PRO 6000 Blackwell Server Edition, P0, 15, 0, 1679, 97887, 93.48, 36, 2332, 12481
2026/09/21 21:56:43.246, 4, NVIDIA RTX PRO 6000 Blackwell Server Edition, P0, 25, 0, 1663, 97887, 92.85, 39, 2355, 12481
2026/09/21 21:56:43.248, 5, NVIDIA RTX PRO 6000 Blackwell Server Edition, P0, 8, 0, 1683, 97887, 92.72, 39, 2325, 12481
2026/09/21 21:56:43.250, 6, NVIDIA RTX PRO 6000 Blackwell Server Edition, P0, 10, 0, 1683, 97887, 91.66, 38, 2310, 12481
2026/09/21 21:56:43.251, 7, NVIDIA RTX PRO 6000 Blackwell Server Edition, P0, 32, 0, 1679, 97887, 92.93, 38, 2325, 12481
2026/09/21 21:56:44.325, 0, NVIDIA RTX PRO 6000 Blackwell Server Edition, P0, 49, 1, 1663, 97887, 97.12, 36, 2340, 12481
2026/09/21 21:56:44.328, 1, NVIDIA RTX PRO 6000 Blackwell Server Edition, P0, 42, 1, 1683, 97887, 97.07, 35, 2295, 12481
2026/09/21 21:56:44.330, 2, NVIDIA RTX PRO 6000 Blackwell Server Edition, P0, 88, 4, 1683, 97887, 96.60, 38, 2325, 12481
2026/09/21 21:56:44.331, 3, NVIDIA RTX PRO 6000 Blackwell Server Edition, P0, 34, 1, 1679, 97887, 100.23, 36, 2332, 12481
2026/09/21 21:56:44.333, 4, NVIDIA RTX PRO 6000 Blackwell Server Edition, P0, 36, 1, 1663, 97887, 97.91, 39, 2355, 12481
2026/09/21 21:56:44.335, 5, NVIDIA RTX PRO 6000 Blackwell Server Edition, P0, 54, 2, 1683, 97887, 98.89, 39, 2325, 12481
2026/09/21 21:56:44.336, 6, NVIDIA RTX PRO 6000 Blackwell Server Edition, P0, 18, 0, 1683, 97887, 98.19, 38, 2310, 12481
2026/09/21 21:56:44.338, 7, NVIDIA RTX PRO 6000 Blackwell Server Edition, P0, 42, 1, 1679, 97887, 98.89, 37, 2325, 12481
2026/09/21 21:56:45.418, 0, NVIDIA RTX PRO 6000 Blackwell Server Edition, P0, 3, 0, 1663, 97887, 104.95, 36, 2340, 12481
2026/09/21 21:56:45.422, 1, NVIDIA RTX PRO 6000 Blackwell Server Edition, P0, 12, 0, 1683, 97887, 107.09, 35, 2295, 12481
2026/09/21 21:56:45.424, 2, NVIDIA RTX PRO 6000 Blackwell Server Edition, P0, 54, 2, 1683, 97887, 106.81, 38, 2325, 12481
2026/09/21 21:56:45.427, 3, NVIDIA RTX PRO 6000 Blackwell Server Edition, P0, 15, 0, 1679, 97887, 110.37, 36, 2332, 12481
2026/09/21 21:56:45.429, 4, NVIDIA RTX PRO 6000 Blackwell Server Edition, P0, 18, 0, 1663, 97887, 105.79, 40, 2355, 12481
2026/09/21 21:56:45.431, 5, NVIDIA RTX PRO 6000 Blackwell Server Edition, P0, 20, 0, 1683, 97887, 107.36, 39, 2325, 12481
2026/09/21 21:56:45.433, 6, NVIDIA RTX PRO 6000 Blackwell Server Edition, P0, 18, 0, 1683, 97887, 107.08, 38, 2317, 12481
2026/09/21 21:56:45.435, 7, NVIDIA RTX PRO 6000 Blackwell Server Edition, P0, 31, 1, 1679, 97887, 108.29, 38, 2325, 12481
2026/09/21 21:56:46.503, 0, NVIDIA RTX PRO 6000 Blackwell Server Edition, P0, 0, 0, 1663, 97887, 108.20, 36, 2340, 12481
2026/09/21 21:56:46.506, 1, NVIDIA RTX PRO 6000 Blackwell Server Edition, P0, 0, 0, 1683, 97887, 111.36, 35, 2295, 12481
2026/09/21 21:56:46.508, 2, NVIDIA RTX PRO 6000 Blackwell Server Edition, P0, 19, 1, 1683, 97887, 110.35, 37, 2325, 12481
2026/09/21 21:56:46.510, 3, NVIDIA RTX PRO 6000 Blackwell Server Edition, P0, 0, 0, 1679, 97887, 114.01, 36, 2332, 12481
2026/09/21 21:56:46.511, 4, NVIDIA RTX PRO 6000 Blackwell Server Edition, P0, 84, 2, 1663, 97887, 111.39, 40, 2355, 12481
2026/09/21 21:56:46.513, 5, NVIDIA RTX PRO 6000 Blackwell Server Edition, P0, 100, 4, 1683, 97887, 114.55, 39, 2325, 12481
2026/09/21 21:56:46.515, 6, NVIDIA RTX PRO 6000 Blackwell Server Edition, P0, 71, 3, 1683, 97887, 112.89, 38, 2310, 12481
2026/09/21 21:56:46.516, 7, NVIDIA RTX PRO 6000 Blackwell Server Edition, P0, 39, 2, 1679, 97887, 114.43, 38, 2325, 12481
2026/09/21 21:56:47.584, 0, NVIDIA RTX PRO 6000 Blackwell Server Edition, P0, 0, 0, 0, 97887, 90.29, 36, 2340, 12481
2026/09/21 21:56:47.586, 1, NVIDIA RTX PRO 6000 Blackwell Server Edition, P0, 0, 0, 0, 97887, 89.38, 35, 2295, 12481
2026/09/21 21:56:47.587, 2, NVIDIA RTX PRO 6000 Blackwell Server Edition, P0, 0, 0, 0, 97887, 88.61, 37, 2325, 12481
2026/09/21 21:56:47.589, 3, NVIDIA RTX PRO 6000 Blackwell Server Edition, P0, 2, 1, 0, 97887, 91.95, 36, 2332, 12481
2026/09/21 21:56:47.590, 4, NVIDIA RTX PRO 6000 Blackwell Server Edition, P0, 0, 0, 0, 97887, 91.33, 39, 2355, 12481
2026/09/21 21:56:47.591, 5, NVIDIA RTX PRO 6000 Blackwell Server Edition, P0, 0, 0, 0, 97887, 91.11, 39, 2325, 12481
2026/09/21 21:56:47.593, 6, NVIDIA RTX PRO 6000 Blackwell Server Edition, P0, 2, 1, 0, 97887, 90.10, 38, 2317, 12481
2026/09/21 21:56:47.594, 7, NVIDIA RTX PRO 6000 Blackwell Server Edition, P0, 0, 0, 0, 97887, 91.71, 38, 2325, 12481
